NumeroRegistro;Status;Restricao;DataConcessao;DataValidade;DataCancelamento;RazaoSocial;CnpjCpf;Telefone;Logradouro;Numero;Complemento;Cep;Bairro;Municipio;Uf;Email;Fabricante;Pac;PortariaInmetro;Familia;Certificado;ModeloCertificado;QuantidadeItens;ProdutoImportado;PaisOrigem;ItemMarca;ItemModelo;ItemDescricao;ItemCodigodeBarra;ItemStatus;ItemDataAlteracao
010691/2026;Ativo;;09/09/2026;;;TUTTI BABY INDUSTRIA E COMERCIO DE ARTIGOS INFANTIS LTDA;06981862000129;4733794000;Rua Vicente Zanotti;177;Galpão 01;89381270;Industrial Zaferino ;Massaranduba;SC;heloiza.souza@tuttibaby.com.br;TUTTI BABY INDUSTRIA E COMERCIO DE ARTIGOS INFANTIS LTDA;Andadores Infantis;Portaria Inmetro nº 129 de 19/03/2021;;CE-AND/IQB 000013 57036/26-001;Modelo 5;;N;Brasil;TUTTI BABY;ANDADOR SAFARI - REF. 40002003,40002004,40002007,40003004,40004002,40004003;ESTRU.MET.:ACO TUBULAR,BRINQ:PLAST. DE ENG.,REVEST. TEXTIL:ALGODAO/51X61X70 CM/DOIS DISP. DE TRAV. INDEPENDENTES SENDO OPERADOS SIMULT./PARAFUSOS E MONT. DE PÇS PLAST./BRINQ. CERTIF.E ADESIVO-57036/26;7898431501615|7898431501622|7898431501639|7898431501684|7898431501691|7898431501707;Incluido;09/09/2026
010280/2026;Ativo;;02/09/2026;;;BAGATOLI COMERCIO DE REFRIGERACAO LTDA;00897750000108;47984556257;BR-470;8105;;89058020;FORTALEZA ALTA;BLUMENAU;SC;digitalpriceconsultoria@gmail.com;PINGHU XIAOTIANDI CHILDREN?S PRODUCTS FACTORY;Andadores Infantis;Portaria Inmetro nº 129 de 19/03/2021;;IN3155526;Modelo 5;;S;China, República Popular;BAGATOLI KIDS;MOD: ANDADOR INFANTIL PULSE/ N.COM: PULSE/ V.: ROSA, AZUL, CINZA;MAT.:PP,POLIÉSTER,AÇO/DIM.:51X61X69CM/SIST.TRAV.:LIB.2 AÇÕES CONSEC./SIST.MONT.FERR.:REBITES,PARAF.E ENCAIXE PEÇAS PLÁST./ACESS.:BRINQ.NA BANDEJA/CARACT.MOD.:ANDADOR C/BRINQ.;7901030400859|7901030400866|7901030400873;Incluido;02/09/2026
010693/2026;Ativo;;31/08/2026;;;TUTTI BABY INDUSTRIA E COMERCIO DE ARTIGOS INFANTIS LTDA;06981862000129;4733794000;Rod. Guilherme Jensen, SC413, km13;0;Galpão 01;89108000;Distrito Industrial;Massaranduba;SC;heloiza.souza@tuttibaby.com.br;TUTTI BABY INDUSTRIA E COMERCIO DE ARTIGOS INFANTIS LTDA;Andadores Infantis;Portaria Inmetro nº 129 de 19/03/2021;;CE-AND/IQB 000013 57036/26-002;Modelo 5;;N;Brasil;TUTTI BABY;ANDADOR COMFORT - 40005004,40005003,40005011,40005028,40005007,40005010,40005006,40005029;ESTRU.METALICA:ACO TUBULAR,BRINQ:PLAST.DE ENG.,REVEST. TEXTIL: ALGODAO/48X60,5X70 CM/DOIS DISP. DE TRAV. INDEP. SENDO OP. SIMULT./PARAFUSOS E MONT. DE PÇS PLAST./BRINQ. CERT. E ADESIVO-57036/26;7898431502063|7898431502070|7898431502087|7898431502094|7898431502100|7898431502117|7898431502124|7898431502131;Incluido;31/08/2026
010522/2026;Ativo;;31/08/2026;;;MADHULA COMERCIO DE ARTIGOS ELETROELETRONICOS LTDA;03838532000190;92994433107;Rua Marcilio Dias;166;;69005270;Centro;Manaus;AM;mayapunjwani@gmail.com;PINGHU XIAOTIANDI CHILDRENS PRODUCTS FACTORY;Andadores Infantis;Portaria Inmetro nº 129 de 19/03/2021;;IN3141126-1;Modelo 5;;S;China, República Popular;BENMEK;MADHULA/ MA100/ Verde e Azul - MA100VA/ Rosa e Roxo - MA100RR/ Branco e Azul Escuro - MA100BAE/ Amarelo e Vermelho - MA100AV;MAT.:PP, FERRO E POLIÉSTER/DIM.:63X57X53 CM/SIST. DE TRAV.: LIBERAÇÃO EM DUAS AÇÕES CONSECUTIVAS/SIST. MONT. E FERR.:MANUAL (SEM FERRAMENTA)/ACESS.:BRINQUEDO/CARACT. DO MOD.: ANDADOR COM BRINQUEDO;6901031000158;Incluido;31/08/2026
010524/2026;Ativo;;27/08/2026;;;MADHULA COMERCIO DE ARTIGOS ELETROELETRONICOS LTDA;03838532000190;92994433107;Rua Marcilio Dias;166;;69005270;Centro;Manaus;AM;mayapunjwani@gmail.com;PINGHU XIAOTIANDI CHILDREN?S PRODUCTS FACTORY;Andadores Infantis;Portaria Inmetro nº 129 de 19/03/2021;;IN3141126-2;Modelo 5;;S;China, República Popular;BENMEK;ANDADOR MADHULA/ MA101/ Rosa - MA101R/ Azul - MA101A/ Verde - MA101V/ Laranja - MA101L;MAT.:PP, FERRO E POLIÉSTER/DIM.:63X57X53 CM/SIST. DE TRAV.:LIBERAÇÃO EM DUAS AÇÕES CONSECUTIVAS/SIST. MONT. E FERR.:MANUAL (SEM FERRAMENTA)/ACESS.:BRINQUEDO/CARACT. DO MOD.:ANDADOR COM BRINQUEDO;6901031000158;Incluido;27/08/2026
007770/2026;Ativo;;01/07/2026;;;APS IMPORTACAO EXPORTACAO DISTRIBUICAO LTDA;44540981000135;11974642778;EST GERAL DE MEDEIROS;20;SALA 05;88390000;MEDEIROS;BARRA VELHA;SC;orquestra@yescert.com.br;Tengzhou Lebeir Baby Carriage Co., Ltd.;Andadores Infantis;Portaria Inmetro nº 129 de 19/03/2021;;IN3076626;Modelo 5;;S;China, República Popular;TOYS&TOYS;MOD:ANDADOR MUSICAL PARA BEBES/INFANTIL/CÓD DE REFERÊNCIA COMERCIAL: ANDADOR MUSICAL V:CINZA - 310552,MARROM - 310569,AZUL - 310576,ROSA 310583;Mat:PP/Dim:799x660x715mm/Sist de Travam: Dois dispositivos de travam independentes sendo operados simult/Sist de Mont e Ferr:Manual (sem ferram)/Acess:N/A/Caract do modelo:ANDADOR COM BRINQ.MUSICAL AC;7908888310552|7908888310569|7908888310576|7908888310583;Incluido;01/07/2026
006891/2026;Ativo;;30/06/2026;;;MARKETGOOL TRADING IMPORTACAO E EXPORTACAO LTDA;18787076000174;11947652325;ROD RODOLFO JAHN;326;ANEXO 92;89237680; VILA NOVA;JOINVILLE;SC;alexandre.morroni@hotmail.com;PINGHU XIAOTIANDI CHILDREN''S PRODUCTS FACTORY;Andadores Infantis;Portaria Inmetro nº 129 de 19/03/2021;;IN3048926;Modelo 5;;S;China, República Popular;MARKETGOOL;Designação Comercial: Andador Marketgool / Código de referência comercial / MKG-010 / ROSA;Mat: PP, FERRO E POLIÉSTER / Dim: 65X55X45 CM/ SIST DE TRAV: Liberação em duas ações consecutivas/ Acess: Brinquedo do andador/ Caract do mod: Andador com Brinquedo;0070341132777;Incluido;30/06/2026
006957/2026;Ativo;;19/06/2026;;;LILI FLORES ARTESANAIS LTDA;50509301000113;2199999999;R SANTO SEPULCRO;00279;;21350220;MADUREIRA;RIO DE JANEIRO;RJ;xiaoweiliu663@gmail.com;PINGHU XIAOTIANDI CHILDREN''S PRODUCTS FACTORY ;Andadores Infantis;Portaria Inmetro nº 129 de 19/03/2021;;IN3051726;Modelo 5;;S;China, República Popular;LILI;MOD:ANDADOR LL-2931 / CÓD. DE REFERÊNCIA COMERCIAL: LL-2931 / AZUL,ROSA,VERDE;MAT.:PP, POLIÉSTER E POLIETILENO/DIM:56,5X68X60,5CM/ SIST.TRAV.:LIBERAÇÃO EM DUAS AÇÕES CONSECUTIVAS/SIST. MONT.:LIBERAÇÃO EM DUAS AÇÕES CONSECUTIVAS/SEM ACESSÓRIOS/ANDADOR COM BRINQUEDO INTERATIVO;;Incluido;19/06/2026
004599/2026;Ativo;;14/05/2026;;;UNI-ART IMPORT LTDA.;68168368000105;11952844300;AV DAS INDUSTRIAS ;755;;13288163;DIST.INDL B. STORANI;VINHEDO;SP; www.unitoys.com.br;QINGYUAN XINGLONG BALL PRODUCING CO., LTD.;Andadores Infantis;Portaria Inmetro nº 129 de 19/03/2021;;IN2985326;Modelo 5;;S;China, República Popular;UNITOYS;ANDADOR COM EMPURRADOR - N/A - 3726 AZUL/3726 ROSA;MAT:PP, POLIÉSTER E AÇO/DIM:50X60X102 CM/SIS_TRAV:LIBERAÇÃO EM DUAS AÇÕES CONSECUTIVAS/SIS_MONT E FERRG:MANUAL (SEM FERRAMENTA)/ACESS:N/A/CARACTERISTICAS DO MODELO:ANDADOR COM BANDEJA MUSICAL;7908901504395|7908901504401;Incluido;14/05/2026
004072/2026;Ativo;;13/04/2026;;;VG SHOP COMERCIO ON LINE LTDA;16857384000365;1149690505;RUA PROJETADA SN KM 15 NUCLEO AGUA COMPRIDA;0;KM 15;37600000;AGUA COMPRIDA;CAMBUI;MG;gilson@vgshop.com.br;YONGXING SPORTS LIMITED;Andadores Infantis;Portaria Inmetro nº 129 de 19/03/2021;;IN2982826;Modelo 5;;S;China, República Popular;MULTMAXX;Desig. Com. andador infantil com empurrador Cod. Ref. MTX150 / MTX151 Quant. (aplic. para mod. 1b) n/a Mat: poliéster, abs, pp e borracha Dim. 76x65x65cm Sis. Trav. dois dispositivos independentes sendo operador simultaneamente;Sis. de Mont. e Ferragem: manual (com ferramenta) acess: N/A Car.do mod: andador ccom empurrador e brinquedo musical Vers. MTX150 cinza MTX151 rosa;7898758400394|7898758400400;Incluido;13/04/2026
003606/2026;Ativo;;27/03/2026;;;HEMNANI COMERCIO DE VARIEDADES LTDA.;05469291000185;9232330121;Rua Marcílio Dias;304;;69005270;Centro;Manaus;AM;hemnanibr@yahoo.com;PINGHU XIAOTIANDI CHILDREN?S PRODUCTS FACTORY;Andadores Infantis;Portaria Inmetro nº 129 de 19/03/2021;;IN2911926;Modelo 5;;S;China, República Popular;SITA;ANDADOR AKH602 - AKH602 - AVIÃO - AVIAO;MAT:PP,FERRO E POLIE./DIM:70 X62.5 X 51 CM/SISTEMA DE TRAVAMENTO:LIBERAÇÃO EM DUAS AÇÕES CONSECUTIVAS/SISTEMA DE MONTAGEM E FERRAGEM:MAN.(S/FERRAM.)/ACESS:BAND.MUSI./CARAC.DO MOD.:AND.COM BAND.MUSI.;0618231660148;Incluido;27/03/2026
001642/2026;Ativo;;19/02/2026;;;RGM  COMERCIO E SERVICOS LTDA;18007664000148;11996294240;Avenida Angélica;511;Cj. 904;01227100;Santa Cecilia;São Paulo;SP;papush@uol.com.br;PINGHU XIAOTIANDI CHILDREN?S PRODUCTS FACTORY;Andadores Infantis;Portaria Inmetro nº 129 de 19/03/2021;;IN2911726;Modelo 5;;S;China, República Popular;RGM;ANDADOR DREUX - R602 - AVIÃO - AVIAO;MAT:PP,FERRO E POLIÉ./DIM:70X62.5X51 CM/SIST.DE TRAV.:LIB.EM DUAS AÇÕES CONSECU./SIST.DE MONT.E FERR.:MANUAL (SEM FERRAMENTA)/ACESS:BANDEJA MUSICAL/CARACT.DO MODELO:ANDADOR COM BANDEJA MUSICAL;7898926505616;Incluido;19/02/2026
011593/2025;Ativo;;31/10/2025;;;MD COMERCIO DE FERRAGENS LTDA;55274701000100;92985975259;Avenida Joaquim Nabuco;1094;A;69020030;Centro;Manaus;AM;mdcomerciodeferragensltda@gmail.com;Xingtai Pandelo Technology Co.,Ltd;Andadores Infantis;Portaria Inmetro nº 129 de 19/03/2021;;IN2824825;Modelo 5;;S;China, República Popular;ULTRA BABY;ANDADOR INFANTIL MUSICAL PARA BEBÊ - UBW -305 - N/A - BABY PINK / BARBIE PINK/RED / WHITE/ROYAL BLUE /ORANGE / WHITE/LIGHT BLUE / WHITE;MAT:PP,FERRO E POLIÉ./DIM.:68X59X52 CM/SIST.DE TRAV.:LIB.EM DUAS AÇÕES CONS./SIST.DE MONT. E FERR.:MAN.(S/FERRAM.)/ACESS.:N/A/CARACTERISTICAS DO MODELO:ANDADOR COM BRINQUEDO ACOPLADO;7890012361007|7890012361113|7890012368082|7890012369096;Incluido;31/10/2025
008483/2025;Ativo;;04/08/2025;;;BAMBINO COMERCIAL LTDA;06006481000129;81987347022;R. 23;175;;53090190;RIO DOCE;OLINDA;PE;bambino.souza@terra.com.br;PINGHU XIAOTIANDI CHILDREN?S PRODUCTS FACTORY;Andadores Infantis;Portaria Inmetro nº 129 de 19/03/2021;;IN2750125;Modelo 5;;S;China, República Popular;BAMBINO;ANDADOR - BA01 - ROSA/AZUL;MAT:PP,FERRO E POLIÉSTER/DIM:70X62.5X51CM/SIS_TRAV:LIBERAÇÃO EM DUAS AÇÕES CONSECUTIVAS/SIS_MONT E FERRG:MANUAL(S/FERRAM.)/ACESS.:BRINQ.CEN.DE ATIVI./CARACT.DO MODELO:ANDADOR COM BANDEJA MUSICAL;7898576907150|7898576907167;Incluido;04/08/2025
007690/2025;Ativo;;16/07/2025;;;KIDDO INDUSTRIA E COMERCIO LTDA;60688090000187;1147870744;Rodovia Regis Bittencourt ;3666;;06793000;Jardim Três Marias ;Taboão da Serra;SP;m.nascimento@kiddo.com.br;JIN SUN GEE PLASTIC CO., LTD;Andadores Infantis;Portaria Inmetro nº 129 de 19/03/2021;;IN2735125;Modelo 5;;S;China, República Popular;Whoop;ANDADOR PASSINHOS 2 EM 1 REF. 8701/CINZA/ROSA/AZUL;MATERIAL:PP. POLIES/DIMENSÕES:59,5X68X53CM/SIST.DE.TRAVAM.:LIBER.EM DUAS AÇÕES CONSECUTIVAS/SIST.DE.MONTAG.E.FERRAGEM:MANUAL (SEM AUX. DE FERRAM)/ACESSÓRIOS:BRINQ./CARACT. DO MODELO:ANDADOR C/ BRINQ.;7896517223871|7896517223888|7896517223895;Incluido;16/07/2025
003978/2025;Inativo;;23/05/2025;;;MD COMERCIO DE FERRAGENS LTDA;55274701000100;92981285408;AVENIDA JOAQUIM NABUCO;1094;A;69020030;Centro;Manaus;AM;mdcomerciodeferragensltda@gmail.com;Xingtai Pandelo Technology Co.,Ltd;Andadores Infantis;Portaria Inmetro nº 129 de 19/03/2021;;IN2611025;Modelo 5;;S;China, República Popular;ULTRA BABY;REF: UBW-801H - ANDADOR INFANTIL MUSICAL PARA BEBÊ - BABY PINK / BARBIE PINK, RED / WHITE, ROYAL BLUE / ORANGE / WHITE, GREEN / WHITE;MAT:PP,FERRO E POLIÉSTER/DIM:68X59X52CM/SIS_TRAV:LIBERAÇÃO EM 2 AÇÕES CONSECUTIVAS/SIS_MONTAGEM_E_FERRAGEM:MANUAL(SEM FERRAMENTA)/ACESSÓRIOS: N/A/CARACTERISTICAS_MODELO:ANDADOR COM BRINQUEDO ACOPLADO;7890012361007|7890012361113|7890012368082|7890012369096;Incluido;23/05/2025
003517/2025;Ativo;;06/05/2025;;;KAVOD BRASIL COMERCIO E IMPORTACAO DE PRODUTOS DE USO DOMESTICO LTDA;12389993000114;1136612389;Avenida Marquês de São Vicente;2219;Conj 1001;05036040;Água Branca;São Paulo;SP;adm@kababy.com.br;Tengzhou Lebeir Baby Carriage Co., Ltd.;Andadores Infantis;Portaria Inmetro nº 129 de 19/03/2021;;IN2610825;;;S;China, República Popular;KaBaby;DESIGNAÇÃO COMERCIAL: ANDADOR DE EMPURRAR STEP-UP KABABY CINZA/CÓDIGO DE REFERÊNCIA COMERCIAL: ANDADOR/QUANTIDADE: -/;MAT:PP/DIM:799x660x715mm/SIS_TRAV:LIBERAÇÃO EM DUAS AÇÕES CONSECUTIVAS/SIS_MONTAGEM/FERRAGEM:MANUAL SEM AUXILIO DE FERRAMENTA/ACESSORIOS:N/A/CARACT_DO_MODELO:ANDADOR COM BRINQUEDO ACOPLADO;7898605218394;Incluido;06/05/2025
003975/2025;Ativo;;29/04/2025;;;MD COMERCIO DE FERRAGENS LTDA;55274701000100;92981285408;AVENIDA JOAQUIM NABUCO;1094;A;69020030;Centro;Manaus;AM;mdcomerciodeferragensltda@gmail.com;PINGHU XIAOTIANDI CHILDREN''S PRODUCTS FACTORY;Andadores Infantis;Portaria Inmetro nº 129 de 19/03/2021;;IN2610925;Modelo 5;;S;China, República Popular;ULTRA BABY;REF: UBW-601 - ANDADOR INFANTIL MUSICAL PARA BEBÊ - NAVY BLUE / RED, GREEN / BLUE, ROYAL BLUE / TEAL, LIGHT PINK / LAVANDER, DARK PURPLE / PINK;MAT:PP,FERRO E POLIÉSTER/DIM:70X62,5X55CM/SIS_TRAV:LIBERAÇÃO EM 2 AÇÕES CONSECUTIVAS/SIS_MONT.E_FERRAGEM:MANUAL(SEM FERRAMENTA)/ACESSÓRIOS: N/A/CARACTERISTICAS_MODELO:ANDADOR COM BRINQUEDO ACOPLADO;7890012361120|7890012361137|7890012361144|7890012361151|7890012361168;Incluido;29/04/2025
000828/2025;Ativo;;29/01/2025;;;HCM INDUSTRIA E IMPORTACAO LTDA;12538691000160;3798753533;RUA SERGIPE ;1963;;35591096;SANTA ALEXANDRINA;LAGOA DA PRATA;MG;compras@hcmmalta.com.br;HCM INDUSTRIA E IMPORTACAO LTDA;Andadores Infantis;Portaria Inmetro nº 129 de 19/03/2021;;IN2431224-1;;;N;Brasil;JUMBO BABY;ANDADOR MUSICAL SUPERLUXO JUMBO BABY/Acessórios:Assento,Empurrador,Painel Musical/Caracteristicas do modelo:Andador com brinquedo na bandeja/Versões:AZUL,ROSA,VERMELHO,LARANJA;Mat:POLIPROPILENO (PP)/ACO CARBONO(FERRAGENS)/TECIDO(POLIÉSTER)/Dim:69,5X58,5X14,5/Sist de Trav:Liberação em duas ações consecutivas/Sist de Mont e Fer:Manual(sem ferramenta);7898947715025|7898947715032|7898947715049|7898947715056;Incluido;29/01/2025
000817/2025;Ativo;;29/01/2025;;;MD COMERCIO DE FERRAGENS LTDA;55274701000100;92981285408;AVENIDA JOAQUIM NABUCO, ;1094;A;69020030;CENTRO;MANAUS;AM;monadowlani@gmail.com;Hebei Zhongtai Bicycle manufacturing Co,. Ltd;Andadores Infantis;Portaria Inmetro nº 129 de 19/03/2021;;IN2520425;;;S;China, República Popular;ULTRA BABY;ANDADOR INFANTIL MUSICAL PARA BEBÊ/REF.:UBW-1026/PINK/GREEN/BLUE;MAT:PU,PP,AÇO,POLIÉSTER,ABS/DIM:70X60X55CM/SIST.DE TRAV.:LIB.EM DUAS AÇÕ.CONS./SIS.DE MONT.E FER.:MAN.(S/FERR.)/ACESS.:BANDE.COM BRINQ./CARAC.DO MODE.:ANDAD.C/BRINQ;7890012365050|7890012366064|7890012367078;Incluido;29/01/2025
000599/2025;Ativo;;24/01/2025;;;PLANETA - IMPORTACAO E DISTRIBUICAO DE BRINQUEDOS LTDA;13434272000141;1138951572;AV VASCO MASSAFELI - GALPAO1 RUA A LADO IMPAR ANEXO;1000;MODULO1/21;06703600;JARDIM MARIA TEREZA;COTIA;SP;admin@planetadobebe.com.br;PLANETA - IMPORTACAO E DISTRIBUICAO DE BRINQUEDOS LTDA;Andadores Infantis;Portaria Inmetro nº 129 de 19/03/2021;;IN2476224;;;N;Brasil;REPLAY KIDS;ANDADOR QUICK/21680 / BELLA/21681 / PUPPY/21682 / ZOO/21683 / SPACE/21684 / RACING;M:POLIPROPILENO, ABS, AÇO,ELASTÔMERO TERMOPLÁSTICO E PVC/D:58X68X55CM/S.D/TRV:MANUAL (SEM FERRAMENTA)/ACS:N/A/CARACTERISTICAS DO MODELO:BANDEJA COM BRINQUEDO/ PLACA MUSICAL/PLACA ANTIDERRAPANTE;7899403216803|7899403216810|7899403216827|7899403216834|7899403216841;Incluido;24/01/2025
016873/2024;Ativo;;15/11/2024;;;HCM INDUSTRIA E IMPORTACAO LTDA;12538691000160;37998767200;RUA SERGIPE ;1963;;35591096;SANTA ALEXANDRINA;LAGOA DA PRATA;MG;compras.hcmmalta@gmail.com;HCM INDUSTRIA E IMPORTACAO LTDA;Andadores Infantis;Portaria Inmetro nº 129 de 19/03/2021;;IN2431224-2;;;N;Brasil;JUMBO BABY;ANDADOR MUSICAL MEGALUXO JUMBO BABY/AZUL/ROSA/VERMELHO/LARANJA, CARAC.D/MODEL:ANDADOR COM BRINQUEDO NA BANDEJA;MAT.:POLIPROPILENO(PP)/ACO CARBONO(FERRAGENS)/TECIDO(POLIÉSTER)/DIM:69,5X58,5X14,5/SIS.D/TRAV.:LIB.EM 2AS.CON./SIS.D/MONT.E FERR.:MAN.(S/FERR.)/ACESS.:ASSE/FORR.P/OS PÉS/EMP./PAI.MUS;7898947715063|7898947715070|7898947715087|7898947715094;Incluido;15/11/2024
016536/2024;Ativo;;12/11/2024;;;CACANDO OFERTAS LTDA;23230465000134;11976586700;Rua José Ferreira Crespo;752;Sala 1;08021480;Jardim São Vicente;São Paulo;SP;diegofrancisco22@bol.com.br;STYLL ADMINISTRACAO, INVESTIMENTOS, LOCACOES & SERVICOS LIMITADA;Andadores Infantis;Portaria Inmetro nº 129 de 19/03/2021;;IN2382924;;;N;Brasil;ClickBaby's;Andador Happy baby - Versões AZUL-HAPPY BABY ROSA-HAPPY BABY LARANJA-HAPPY BABY;Mat.Aço Polipropileno.Dim:640x570x470cm.Sist.Trav. Liberação duas ações consecutivas.Sist de Mont e Ferrag:Manual sem ferramenta.Acess: Bandeja c/Brinquedo.Caract/modelo:Andador c/brinquedo na bandeja;7898975097001|7898975097018|7898975097025;Incluido;12/11/2024
010587/2024;Ativo;;16/09/2024;;;AMAZONAS IMPORTADOS LTDA;07269201000138;9691131654;Rua Independência;175;;68900090;Central;Macapa;AP;adriana.abreu@amazonasimportados.com.br;YIWU BALBIAN ELECTRONIC TECHNOLOGICAL CO., LTD;Andadores Infantis;Portaria Inmetro nº 129 de 19/03/2021;;IN2086424-1;;;S;China, República Popular;LÉ PETIT;MODE:BABY WALKER/REF:LP-9517/ CONT: ANDADOR COM BRINQUEDO ACOPLADO/VERSÕES:AZUL,ROSA,VERDE,;MAT:PP E POLIÉSTER/DIM:62X55,5X50CM/SIST DE TRAV:LIBERAÇÃO EM DUAS AÇÕES CONSECUTIVAS/SIST DE MONT E FERRAGEM:MANUAL (SEM FERRAMENTA)/ACESSÓRIOS:N/A.CARACTERISTICAS DO MODELO:;453068745717;Incluido;16/09/2024
013897/2024;Ativo;;06/09/2024;;;TUTTI BABY INDUSTRIA E COMERCIO DE ARTIGOS INFANTIS LTDA;06981862000129;4733794000;Rod. Guilherme Jensen, SC413, km13;0;Galpão 01;89108000;Distrito Industrial;Massaranduba;SC;certificacao@tuttibaby.com.br;TUTTI BABY INDUSTRIA E COMERCIO DE ARTIGOS INFANTIS LTDA;Andadores Infantis;Portaria Inmetro nº 129 de 19/03/2021;;IN2321524;;;N;Brasil;TUTTI BABY;ANDADOR COMFORT/REF.ANDADOR COMFORT 40.005/40005004/40005003/40005011/40005028/40005007/40005010/40005006/40005029;MAT:PLAST.ENG/ALGODÃO/DIMEN:48X60,5X70CM/SIST.DE TRAV:DOIS DISP.DE TRAV.INDEP.SENDO OP.SIMUL/SIST.DE MONT.FERR:OUTROS:PARAF,MONT.PEÇAS PLAST./ACESS:BANDEIJA C/ BRINQ/CARAC.DO MOD:ANDADOR C/BRINQUEDO;7898431502063|7898431502070|7898431502087|7898431502094|7898431502100|7898431502117|7898431502124|7898431502131;Incluido;06/09/2024
010601/2024;Ativo;;07/08/2024;;;AMAZONAS IMPORTADOS LTDA;07269201000138;9691131654;Rua Independência;175;;68900090;Central;Macapa;AP;adriana.abreu@amazonasimportados.com.br;YIWU BALBIAN ELECTRONIC TECHNOLOGICAL CO., LTD;Andadores Infantis;Portaria Inmetro nº 129 de 19/03/2021;;IN2086424-3;;;S;China, República Popular;LÉ PETIT;MODE,BABY WALKER/REF:LP-9824/ CONT: ANDADOR COM BRINQUEDO ACOPLADO:/VERSÕES:AZUL,VERDE,ROSA.;MATL:PP E POLIÉSTER/DIM:66X54X52CM/SIST DE TRAV:LIBERAÇÃO EM DUAS AÇÕES CONSECUTIVAS/SIST DE MONT E FERR :MANUAL (SEM FERRAMENTA)/ACESSÓRIOS:N/A.CARACT DO MODELO:;7453116003640;Incluido;07/08/2024
010595/2024;Ativo;;07/08/2024;;;AMAZONAS IMPORTADOS LTDA;07269201000138;9691131654;Rua Independência;175;;68900090;Central;Macapa;AP;adriana.abreu@amazonasimportados.com.br;YIWU BALBIAN ELECTRONIC TECHNOLOGICAL CO., LTD;Andadores Infantis;Portaria Inmetro nº 129 de 19/03/2021;;IN2086424-2;;;S;China, República Popular;LÉ PETIT;MODE:BABY WALKER/REF:LP-9618/ CONT: ANDADOR COM BRINQUEDO ACOPLADO/VERSÕES:AZUL,VERDE,ROSA,VERMELHO.;MAT:PP E POLIÉSTER/DIM:65X54X49CM/SIST DE TRAV:LIBERAÇÃO EM DUAS AÇÕES CONSECUTIVAS/SIST DE MONT E FERR:MANUAL (SEM FERRAMENTA)ACE:N/A.CARACTERISTICAS DO MODELO:;7453068240131;Incluido;07/08/2024
010519/2024;Ativo;;07/08/2024;;;AMAZONAS IMPORTADOS LTDA;07269201000138;9691131654;Rua Independência;175;;68900090;Central;Macapa;AP;adriana.abreu@amazonasimportados.com.br;YIWU BALBIAN ELECTRONIC TECHNOLOGICAL CO., LTD;Andadores Infantis;Portaria Inmetro nº 129 de 19/03/2021;;IN2086424-4;;;S;China, República Popular;LÉ PETIT;MODE:BABY WALKER/REF:LP-9917/ CONT: ANDADOR COM BRINQUEDO ACOPLADO/VERSÕES:AZUL,VERMELHO,AMARELO,ROSA.;MAT:PP E POLIÉSTER/DIM:65X54X49CM/SIST DE TRAV:LIBERAÇÃO EM DUAS AÇÕES CONSECUTIVAS/SIST DE MONT E FERRA :MANUAL (SEM FERRAMENTA)/ACES:N/A.CARACTERISTICAS DO MODELO:;7453116024706;Incluido;07/08/2024
008156/2024;Ativo;;07/08/2024;;;COMERCIO E IMPORTACAO DENISE LTDA;29963642000178;21997976531;RUA DO MILHO;72;A;21011090;PENHA CIRCULAR;RIO DE JANEIRO;RJ;comerciomybaby@hotmail.com;PING HU BEST CHILDREN?S CARRIER CO.LTD;Andadores Infantis;Portaria Inmetro nº 129 de 19/03/2021;;IN2189524;;;S;China, República Popular;MY BABY;PATO A1 - ROSA LISO, AZUL LISO, ROSA COLORIDO, AZUL COLORIDO - Acessórios: Brinquedos Caracteristicas do modelo: Andador infantil com brinquedo elétrico;Material: Ferro, PP e Poliéster Dimensões: 71 x 62 x 55 cm Sistema de Travamento: Liberação em duas ações consecutivas Sistema de Montagem e Ferragem: Manual (com auxílio de ferramenta);6294013738218|6294013738225|6294013738287|6294013738294;Incluido;07/08/2024
011748/2024;Ativo;;26/07/2024;;;DARDARA COMERCIO IMPORTACAO E EXPORTACAO LTDA;07774907000157;11964220291;R VALENTIM MAGALHAES;95;***;03184090;ALTO DA MOOCA;SÃO PAULO;SP;sac@dardara.com.br;FOSHAN BAOLIMEI BABY CARRIER CO., ;Andadores Infantis;Portaria Inmetro nº 129 de 19/03/2021;;IN2255924;;;S;China, República Popular;DARDARA;ANDADOR CARRO FD-2407 / VERSÕES: AZUL E ROSA;MAT:PP,METAL E POLIÉSTER/DIM:740X630X510MM/SIST DE TRAVA:LIB EM 2 AÇÕES CONSECUT/SIST DE MONT/FERRAG:MANUAL(C/FERRAMENTAS)/ACESSÓRIOS: BRINQ/CARACT DO MODELO:ANDADOR C/BRINQ INTEGRADO;7898572462738|7898572462755;Incluido;26/07/2024
005157/2024;Ativo;;17/06/2024;;;MEGA COMPRAS PRESENTES.COM LTDA;02561195000174;4191284769;RUA ELDORADO;511;511;09550720;PROSPERIDADE;SÃO CAETANO DO SUL;SP;contabilidade@grupogmac.com;HEBEI HAOKU CHILDREN TOYS CO., LTD;Andadores Infantis;Portaria Inmetro nº 129 de 19/03/2021;;IN2152424;;;S;China, República Popular;MEGA COMPRAS;ANDADOR PARA BEBÊS-PREMIUM-REF:MC923/MC923AZ/MC923RS/MC923CZ/MATERIAL:PP E POLIÉSTER/DIMENSÕES:65X 48X46 CM/ CONT: ANDADOR COM BRINQUEDO ACOPLADO;SISTEMA DE TRAVAMENTO:DOIS DISPOSITIVOS DE TRAVAMENTO INDEPENDENTES SENDO OPERADOS SIMULTÂNEAMENTE/SISTEMA DE MONTAGEM E FERRAGEM:MANUAL (SEM FERRAMENTA)/ACESSÓRIOS:BRINQUEDO/CARACTERISTICAS DO MODELO;7898692799028|7898692799578|7898692799585;Incluido;17/06/2024
003468/2024;Ativo;;29/04/2024;;;TAPUZIM COMERCIAL LTDA;00513418000100;113856906;Av. Monte Celeste;230;250;02561000;Vila S. Maria;São Paulo;SP;sergio@babystylebrasil.com.br;SHEN ZHEN WEI MEI CHILDCARE PRODUCT LIMITED COMPANY;Andadores Infantis;Portaria Inmetro nº 129 de 19/03/2021;;IN2118124-2;;;S;China, República Popular;Baby Style;ANDADOR FOGUETE - FOGUETE CINZA E FOGUETE ROSA;MATERIAL:PP/DIM:62X53X78CM/SISTEMA DE TRAVAME:LIBERA EM 2 AÇÕES CONSECUTIVAS/MANUAL/ACESSÓRIOS:N/A/CARACT DO MODELO:ANDADOR C BRINQUEDO NA BANDEJA;4079337285219|4079337296543;Incluido;29/04/2024
003467/2024;Ativo;;29/04/2024;;;TAPUZIM COMERCIAL LTDA;00513418000100;1138569063;Av. Monte Celeste;230;250;02561000;Vila S. Maria;São Paulo;SP;sergio@babystylebrasil.com.br;SHEN ZHEN WEI MEI CHILDCARE PRODUCT LIMITED COMPANY;Andadores Infantis;Portaria Inmetro nº 129 de 19/03/2021;;IN2118124-1;;;S;China, República Popular;Baby Style;ANDADOR SMART - SMART AZUL E SMART ROSA;PP,62 X 53 X 78CM,LIBERAÇÃO EM DUAS AÇÕES CONSECUTIVAS,MANUAL (SEM FERRAMENTA),ACESSÓRIOS:N/A/CARAC MODELO:ANDADOR C BRINQUEDO NA BANDEJA;4079337307416|4079337313325;Incluido;29/04/2024
001321/2024;Ativo;;07/03/2024;;;MADHULA COMERCIO DE ARTIGOS ELETROELETRONICOS LTDA;03838532000190;63881924131;Rua Marcilio Dias;166;;69005270;Centro;Manaus;AM;ltdamcg@gmail.com;PINGHU SHI XIAOTIANDI CHILDREN''S PRODUCTS FACTORY;Andadores Infantis;Portaria Inmetro nº 129 de 19/03/2021;;IN2088024;;;S;China, República Popular;BENMEK;ANDADOR MADHULA - MA101 - ROSA-MA101R/AZUL-MA101A/VERDE-MA101V/LARANJA-MA101L;MAT.:PP,FERRO E POLIÉSTER/DIM.:63X57X53CM/SIST.TRAVA.:LIBERAÇÃO EM DUAS AÇÕES CONSECUTIVAS/SIST.MONT.FERRA.:MANUAL(SEM FERRAMENTA)/ACESSÓRIOS:N/A/CARACTERISTICAS DO MODELO: ANDADOR COM BRINQUEDO;6901031000158;Incluido;07/03/2024
001268/2024;Ativo;;07/03/2024;;;JASSUMAL LTDA;04214425000154;63881924131;AV SETE SETEMBRO;852;;69005140;CENTRO;MANAUS;AM;dgjohnny@gmail.com;PINGHU SHI XIAOTIANDI CHILDREN''S PRODUCTS FACTORY;Andadores Infantis;Portaria Inmetro nº 129 de 19/03/2021;;IN2087524;;;S;China, República Popular;BABY SPORTS;ANDADOR JASSUMAL - BS104 - AZUL CLARO E ESCURO-BS104A/ROSA CLARO E ESCURO-BS104R/VERMELHO E PRETO-BS104VP/ROXO E ROSA ESCURO-BS104RR;MAT.:PP,FERRO E POLIÉSTER/DIM.:63X57X53CM/SIST.TRAVA.:LIBERAÇÃO EM DUAS AÇÕES CONSECUTIVAS/SIST.MONT.FERRA.:MANUAL(SEM FERRAMENTA)/ACESSÓRIOS:N/A/CARACTERISTICAS DO MODELO: ANDADOR COM BRINQUEDO;6901041000155;Incluido;07/03/2024
001185/2024;Ativo;;07/03/2024;;;COMPANHIA DOREL BRASIL PRODUTOS INFANTIS;10659948000107;2135547024;Av. Nilo Peçanha;1516;1582;28030035;Pq dos Rodoviários;Campos dos Goytacaze;RJ;standard@dorel.com.br;COMPANHIA DOREL BRASIL PRODUTOS INFANTIS;Andadores Infantis;Portaria Inmetro nº 129 de 19/03/2021;;IN2040823;Modelo 5;;N;Brasil;Infanti;APPIA - HE022 - AZUL/ROSA - MAT.:PP, POLIÉSTER,PTA, EG, POLIPROPILENO E POLIETILENO.DIMENSÕES:56,5X68X60,5CM/;SIST. DE TRAVAMENTO: LIBERAÇÃO EM 2 AÇÕES CONSECUTIVAS/SIST. DE MONTAGEM E FERRAGEM: MANUAL (S/ FERRAMENTAS)/ACES.: BANDEJA DE BRINQUEDOS/ANDADOR COM BRINQUEDO;7908238809774|7908238809781;Excluido;10/04/2026
010819/2023;Ativo;;15/12/2023;;;MADHULA COMERCIO DE ARTIGOS ELETROELETRONICOS LTDA;03838532000190;62811924131;Rua Marcilio Dias;166;;69005270;Centro;Manaus;AM;dgjohnny@gmail.com;PINGHU SHI XIAOTIANDI CHILDREN''S PRODUCTS FACTORY;Andadores Infantis;Portaria Inmetro nº 129 de 19/03/2021;;IN1983523;;;S;China, República Popular;BENMEK;ANDADOR MADHULA/REF.: MA100/VERSÕES:Verde e Azul - MA100VA,Rosa e Roxo - MA100RR,Branco e Azul Escuro - MA100BAE,Amarelo e Vermelho - MA100AV;MAT:PP, FERRO E POLIÉSTER/DIMEN.:63 X 57 X 53 CM/SIST. TRAVAMENTO:Liberação em duas ações consecutivas/SIST. MONTAGEM E FERRAGEM:MANUAL(SEM FERRAMENTA)/ACESS.:n/a/CARACTERÍSTICAS: ANDADOR COM BRINQUED;6901031000158;Incluido;15/12/2023
010821/2023;Ativo;;22/11/2023;;;JASSUMAL LTDA;04214425000154;62811924131;AV SETE SETEMBRO;852;;69005140;CENTRO;MANAUS;AM;dgjohnny@gmail.com;PINGHU SHI XIAOTIANDI CHILDREN?S PRODUCTS FACTORY;Andadores Infantis;Portaria Inmetro nº 129 de 19/03/2021;;IN1984323;;;S;China, República Popular;BABY SPORTS;ANDADOR JASSUMAL /REF: BS103 /VERSÕES:Azul Claro e Escuro - BS103A/Rosa Claro e Escuro - BS103R/Roxo e Rosa Escuro - BS103RR;MATERIAL:PP, FERRO E POLIÉSTER|DIMENSÕES:63 X 57 X 53 CM|SISTEMA DE TRAVAMENTO:LIBERAÇÃO EM DUAS AÇÕES CONSECUTIVAS|SISTEMA DE MONTAGEM E FERRAGEM:MANUAL (SEM FERRAMENTA)|ACESSÓRIOS:N/A|CARACTERISTICA;6901041000155;Incluido;22/11/2023
007466/2023;Ativo;;01/08/2023;;;COMPANHIA DOREL BRASIL PRODUTOS INFANTIS;10659948000883;2135547024;Av. DR  Nilo Peçanha;1516;Galpão 3 ;28030035;Pq dos Rodoviários;Campos dos Goytacaze;RJ;standard@dorel.com.br;ZHONG SHAN SUN LUEN CHONG COMMODITY COMPANY LIMITED;Andadores Infantis;Portaria Inmetro nº 129 de 19/03/2021;;CE-AND/IQB 000011 55435/22-001;Modelo 5;;S;China, República Popular;TINY LOVE;4-in-1 Here I Grow Mobile Activity Center. Ref. 1806501211. ABS, Alumínio, Aço, Poliéster, PP. 70x57x44cm.Sist. de mont.:Manual (s/ ferragem).;Sist. de Trav.:2 disp. de travamento independentes, devem ser operados simultaneamente. Aces.: Brinq. acoplado.;7290108862973;Incluido;01/08/2023
004675/2023;Ativo;;19/06/2023;;;KCARVALHUS COMERCIO E SERVICOS EIRELI;24633386000137;1143798430;Rua Poeta João Cabral De Melo Neto,  Santa Maria - Osasco - SP;77;;06147020; Santa Maria ;Osasco ;SP;carlos.carvalho@kkbebe.com.br;PINGHU SHI XIAOTIANDI CHILDREN?S PRODUCTS FACTORY;Andadores Infantis;Portaria Inmetro nº 129 de 19/03/2021;;IN1823223;;;S;China, República Popular;KK bebê;ANDADOR INFANTIL PASSINHO FORTE / AZUL /ROSA , MATERIAL:PP,FERRO E POLIÉSTER/DIMENSÕES:63X57X53CM;SISTEMA DE TRAVAMENTO:LIBERAÇÃO EM DUAS AÇÕES CONSECUTIVAS/SISTEMA DE MONTAGEM E FERRAGEM: MANUAL (SEM FERRAMENTA)/ACESSÓRIOS:BRINQUEDOS/CARACTERISTICAS DO MODELO: ANDADOR COM BRINQUEDO FIXO ACOPLADO;7898711750108|7898711750115;Incluido;19/06/2023
004000/2023;Inativo;;19/06/2023;;;VANMAX COMERCIO LTDA;84114198000124;9231337050;RUA CEL SERGIO PESSOA;91;;69005030;CENTRO;MANAUS;AM;GERENTEDEVENDAS@VANMAX.COM.BR;PINGHU SHI XIAOTIANDI CHILDREN´S PRODUCTS FACTORY;Andadores Infantis;Portaria Inmetro nº 129 de 19/03/2021;;IN1811123;;;S;China, República Popular;BRINKMAX;997A/ NOME COMERCIAL: ANDAJÁ/VERSÕES: AZUL - 582597/ROSA - 582596/VERMELHO - 582598/VERMELHO/BRANCO - 582599 - MAT.: FERRO,POLIPROPILENO E POLIÉSTER/DIM.:67X57X54CM;SIST.DE TRAVA.:LIBERAÇÃO EM DUAS AÇÕES CONSECUTIVAS/SIST.DE MONT.E FERR.MAN.(SEM FERRAMENTA)/ACESSÓRIOS: BRINQUEDO/CARACTERISTICAS DO MODELO: ANDADOR INFANTIL COM BRINQUEDO ACOPLADO;7890785825966|7890785825973|7890785825980|7890785825997;Incluido;19/06/2023
001803/2023;Ativo;;03/04/2023;;;PLANETA - IMPORTACAO E DISTRIBUICAO DE BRINQUEDOS LTDA;13434272000141;1138951572;AV VASCO MASSAFELI;1000;G1A M1-21;06703600;JARDIM MARIA TEREZA;COTIA;SP;admin@planetadobebe.com.br;HEBEI WANXIN CHILDREN TOYS CO.,LTD.;Andadores Infantis;Portaria Inmetro nº 129 de 19/03/2021;;IN1765923;Modelo 5;;S;China, República Popular;MAXI BABY;ANDADOR LA BAMBA - NW-01 - AZUL #21537/ROSA #21538/VERMELHO #75268;MAT: PP E PAR. ABS, AÇO DE ALT. CARB.-RODA ELAST. TERM.,PVC/DIM:580X680X550(LXCXH)/SIS_TRAV:LIBE.EMDUAS AÇÕES CONS./SIS_MONT E FER:MAN.(S/FER.)/ACES:BAND C BRINQ./CARAC.DO MOD:ANDADOR C BRI.(BAD. MUS.;7898975752689|7899403215370|7899403215387;Excluido;18/03/2026
001636/2023;Ativo;;06/03/2023;;;BURIGOTTO S A INDUSTRIA E COMERCIO;51460277000138;1934464813;Rua Martino Dragone;280;;13480308;Jardim Santa Barbara;Liemira;SP;alison.smanioto@burigotto.com;JIN SUN GEE PLASTICS CO., LTD;Andadores Infantis;Portaria Inmetro nº 129 de 19/03/2021;;CE-AND/IQB 000004 55573/23-001;Modelo 5;;S;Formosa (Taiwan);BURIGOTTO;ANDADOR OLÉ CL (REF.COM.  IXAN5143CL);PP, AÇO, TECIDO / 590 X 690 X 550 MM / TRILHO PLÁSTICO COM BOTÃO DE TRAVA/DESTRAVA E REGULAGEM DE ALTURA / REBITES, PARAFUSOS E ENCAIXE DE PEÇAS PLÁSTICAS / BANDEJA COM 2 BRINQUEDOS DE PP E NYLON;7896502944248;Excluido;29/04/2026
000217/2023;Inativo;;12/01/2023;;;COMPANHIA DOREL BRASIL PRODUTOS INFANTIS;10659948000883;2135547024;Av. Nilo Peçanha;1516 ;Galpão 3 ;28030035;Pq dos Rodoviários;Campos dos Goytacaze;RJ;standard@dorel.com.br;Jin Sun Gee Plastics Co., Ltd;Andadores Infantis;Portaria Inmetro nº 129 de 19/03/2021;;IN1701622-3;;;S;Formosa (Taiwan);Safety 1st;HE001. Nome comercial: Spacewalker 3 em 1. Versões: Grey, Orange.;PP,Ferro,Aço,ABS,PVC,POM,TPR,MB475,Pol,65.5x50x71.5cm.Trav:Lib.2ações cons.,Mont:Manual.Aces.Brinq.;7908238803932|7908238803949;Incluido;12/01/2023
000216/2023;Inativo;;11/01/2023;;;COMPANHIA DOREL BRASIL PRODUTOS INFANTIS;10659948000883;2135547024;Av. Nilo Peçanha;1516 ;Galpão 3 ;28030035;Pq dos Rodoviários;Campos dos Goytacaze;RJ;standard@dorel.com.br;Jin Sun Gee Plastics Co., Ltd;Andadores Infantis;Portaria Inmetro nº 129 de 19/03/2021;;IN1722522;;;S;Formosa (Taiwan);Cosco;BG-1518. Nome comercial: Follow. Versões: Azul e Laranja.;Ferro, plástico, PP,PET, PU e poliéster. 60 x 49 x 68 cm.Trav:Lib.2 ações cons., Encaixe,aces: Brinquedos.;7908238808043|7908238808050;Incluido;11/01/2023
000186/2023;Inativo;;11/01/2023;;;COMPANHIA DOREL BRASIL PRODUTOS INFANTIS;10659948000883;2135547024;Av. Nilo Peçanha;1516 ;Galpão 3 ;28030035;Pq dos Rodoviários;Campos dos Goytacaze;RJ;standard@dorel.com.br;Jin Sun Gee Plastics Co., Ltd;Andadores Infantis;Portaria Inmetro nº 129 de 19/03/2021;;IN1701622-4;;;S;Formosa (Taiwan);Voyage;BG1401. Nome comercial: Buggy. Versões: Azul, Rosa.;PP,PVC,Ferro,POM,PU,Pol, 42x58.5x65cm. Trav:Lib.2 ações cons,Mont:Manual, Aces. Brinq.;7898509475206|7898509475213;Incluido;11/01/2023
012681/2022;Inativo;;12/12/2022;;;COMPANHIA DOREL BRASIL PRODUTOS INFANTIS;10659948000883;2135547024;Av. Nilo Peçanha;1516 ;Galpão 3 ;28030035;Pq dos Rodoviários;Campos dos Goytacaze;RJ;standard@dorel.com.br;Dongguan Xinyeda Hardware Plastic Products Co., Ltd;Andadores Infantis;Portaria Inmetro nº 129 de 19/03/2021;;IN1715922;;;S;China, República Popular;Safety 1st;11389.  Melody Garden;ABS,PP.PVC.Pol.Esp, 64x55x66cm,Trav.Lib.2açoes cons, Mon.Manual. Aces: Brinquedos.;9312541727119;Incluido;12/12/2022
011614/2022;Inativo;;11/11/2022;;;COMPANHIA DOREL BRASIL PRODUTOS INFANTIS;10659948000883;2135547024;Av. Nilo Peçanha;1516 /1582;Galpão 3 ;28030035;Pq dos Rodoviários;Campos dos Goytacaze;RJ;standard@dorel.com.br;Jin Sun Gee Plastics Co., Ltd;Andadores Infantis;Portaria Inmetro nº 129 de 19/03/2021;;IN1701622-1;;;S;Formosa (Taiwan);Cosco;BG-2023. Nome comercial: Goal Walker 4 em 1. Versões: Rosa e Azul.;Ferro, PP, PU e Pol, 74x44x66,5cm.Trav.real.único acion.,Mont: Manual(c/chave phil,n/inclusa). Aces: Brinq.;7898509478375|7898509478665;Incluido;11/11/2022
011613/2022;Inativo;;11/11/2022;;;COMPANHIA DOREL BRASIL PRODUTOS INFANTIS;10659948000883;2135547024;Av. Nilo Peçanha;1516 ;Galpão 3 ;28030035;Pq dos Rodoviários;Campos dos Goytacaze;RJ;standard@dorel.com.br;Jin Sun Gee Plastics Co., Ltd;Andadores Infantis;Portaria Inmetro nº 129 de 19/03/2021;;IN1701622-2;;;S;Formosa (Taiwan);Voyage;BG-1518. Nome comercial: Baby Step. Versões: Rosa e Azul.;Ferro,PP e poliéster. 60x49x68cm.Trav:Lib.2 ações consec.,Mont:Encaixe. Aces:Brinquedos;7908238801280|7908238801297;Incluido;11/11/2022
010646/2022;Ativo;;20/10/2022;;;STYLL ADMINISTRACAO, INVESTIMENTOS, LOCACOES & SERVICOS LIMITADA;22475905000231;11994300960;Rua Marcio Carlim;401;;13849226;Parque Industrial;Mogi Guaçu;SP;alexandre@styll.com.br;STYLL ADMINISTRACAO, INVESTIMENTOS, LOCACOES & SERVICOS LIMITADA;Andadores Infantis;Portaria Inmetro nº 129 de 19/03/2021;;IN1679022;Modelo 5;;N;Brasil;STYLL BABY;ANDADOR SOFT WAY / V:V:AZ.SON.(AND-98.001-05)/RO.SON.(AND-98.002-05)/LAR.SON.(AND-98.003-05)/GUARÁ AZ.(AND-50.022-01)/GUARÁ RO.(AND-50.022-02)/GUARÁ LAR.(AND-50.022-03)/VE.SON.(AND-99.009-68)/AZ.CLÁS.(AND-98.001-04)/RO.CLÁS.(AND-98.002-04))/...;MAT:AÇO,POLIPR. E POLIÉ./DIM:640X570X470MM/SIS.DE TRAV:CATRA.EM BAI.DA BAN.(LIBER. EM DU.AÇÕ.CONS.)/SIST.DE MON.E FERR.:MANUAL(COM CHA.PHI.NÃO INCL.)/ACES:BAND.COM BRIN./ CONT.VERSÔES;7898488590037|7898488590440|7898488590457|7898488590464|7898488590624|7898488599849|7898488599856|7898488599863|7898488599870|7898488599887|789848859994;Incluido;20/10/2022
001601/2022;Inativo;;09/02/2022;;;COMPANHIA DOREL BRASIL PRODUTOS INFANTIS;10659948000107;02135547024;Av. Nilo Peçanha;1516 /1582;Térreo;28030035;Pq dos Rodoviários;Campos dos Goytacaze;RJ;mariana.magalhaes@dorel.com.br;Dong Guan Hua Song Plastic Products Co.Ltd;Andadores Infantis;Portaria Inmetro nº 42 de 19/01/2018;;IN1512522;;;S;China, República Popular;Safety 1st;11389.  Melody Garden;Pol.,PP,Aço. 65x55x66cm. Aut.c/lib.em 2 ações consec.,Manual. Acessórios: Brinquedo(centro de atividades);9312541727119;Incluido;09/02/2022
001472/2022;Ativo;;07/02/2022;;;TUTTI BABY INDUSTRIA E COMERCIO DE ARTIGOS INFANTIS LTDA;06981862000129;4733794000;Rod. Guilherme Jensen, SC413, km13;0;;89108000;Distrito Industrial;Massaranduba;SC;certificacao@tuttibaby.com.br;TUTTI BABY INDUSTRIA E COMERCIO DE ARTIGOS INFANTIS LTDA;Andadores Infantis;Portaria Inmetro nº 129 de 19/03/2021;;IN2869325;Modelo 5;;N;Brasil;Tutti Baby;Andador Safari II Azul/Rosa/Vermelho/Andador Princesa Rosa Coroa/Andador Acqua Explorador Cinza/Roxo;ESTRUT. MET.AÇO.TUBULAR/48x60,5x70CM/SIST.DE TRAV. COM.DUAS.AÇÕES.CONSECUT.PARA.LIBER./PARAFUSOS.E. REBITES/BRINQUEDOS.E.ADESIVOS;7898431501615|7898431501622|7898431501639|7898431501684|7898431501691|7898431501707;Excluido;12/01/2024
007786/2021;Ativo;;01/12/2021;;;FAST TRADING IMPORTACAO, EXPORTACAO E COMERCIO DE BEBIDAS EIRELI;34076058000130;8130191960;AV. GOVERNADOR AGAMENON MAGALHÃES,  EDF. EMPRESSARIAL RENATO DIAS - ANDAR 15º, SALA 1502 ;4318;SALA 1502;52010075;PAISSANDU; RECIFE;PE;ricardo.ferreira@fasttradingimport.com.br;China Zhejiang Techincal Co. Ltd;Andadores Infantis;Portaria Inmetro nº 42 de 19/01/2018;;OCAN-AND.514/21-1;;;S;China, República Popular;Fast;602;Material:	PP, Ferro e Poliester/ Dimensões:	63 x 57 x 53 cm/ Sistema de Travamento: Travamento automático com liberação em duas ações consecutivas/ Sistema de Montagem e Ferragem: Manual	/Acessórios: ;;Incluido;01/12/2021
007785/2021;Ativo;;01/12/2021;;;HEMNANI COMERCIO DE VARIEDADES LTDA.;05469291000185;1124143633;Rua Marcílio Dias;304;N/A;69005270;Centro;Manaus;AM;papush@uol.com.br;China Zhejiang Techincal Co. Ltd;Andadores Infantis;Portaria Inmetro nº 42 de 19/01/2018;;OCAN-AND.189/21-1;;;S;China, República Popular;SITA;AKH602;Material: PP, Ferro e Poliester - Dimensões: 655 mm X 560mm X 500 mm - Sistema de Travamento: Travamento automatico com liberação em duas ações consecutivas - Sistema de Montagem e Ferragem: MANUAL;;Incluido;01/12/2021
005630/2021;Ativo;;30/08/2021;;;TA TE TI INDUSTRIA E COMERCIO DE BRINQUEDOS EDUCATIVOS LTDA;30261120000103;4732422225;RUA TIRADENTES;230;;89107000;CENTRO;POMERODE;SC;qualidade3@grupocalesita.com.br;TA TE TI INDUSTRIA E COMERCIO DE BRINQUEDOS EDUCATIVOS LTDA;Andadores Infantis;Portaria Inmetro nº 129 de 19/03/2021;;CE-AND/IQB 000010 55962/23-001;Modelo 5;;N;Brasil;Tateti;Ref.914 - Move Baby;PP, METAL, TECIDO POLIESTER. DIMENSAO: 70,20X59,83X49,12CM. SIST. TRAVAMENTO:FREIO DIANTEIRO E TRASEIRO. SIST DE MONTAGEM: MANUAL/PARAFUSOS PP. ACESSORIOS:BANDEJA DE BRINQUEDOS;7898664632230;Incluido;02/03/2026
005052/2021;Ativo;;05/08/2021;;;GALZERANO INDUSTRIA DE CARRINHOS E BERCOS LTDA;43594977000197;19999947357;Via Prefeito Jurandyr Paixão;700;;13481149;Jd. Campo Belo;Limeira;SP;luisfernando.camargo@galzerano.com.br;GALZERANO INDUSTRIA DE CARRINHOS E BERCOS LTDA;Andadores Infantis;Portaria Inmetro nº 129 de 19/03/2021;;CE-AND/IQB 000006 54618/21-001;;;N;Brasil;GALZERANO;Ref.: 4050-Andador Torino. Versões: 4050EST (Estrela), 4050SPR (Spring);Tecido Pes, TNT, Espuma, PP, PA6, Master, Tinta, Tubo de aço. CxLxA(cm) 71x62,5x51,5 Travamento: Trilho plástico c/ botão de destrave e regulagem de altura. Montagem: Manual. Acess: Brinquedo acoplado;7908200102520|7908200102537;Incluido;17/01/2024
002063/2021;Inativo;;19/04/2021;;;COMPANHIA DOREL BRASIL PRODUTOS INFANTIS;10659948000107;02135547024;Av. Nilo Peçanha;1516 /1582;Térreo;28030035;Pq dos Rodoviários;Campos dos Goytacaze;RJ;mariana.magalhaes@dorel.com.br;Jin Sun Gee Plastic Co.,Ltd;Andadores Infantis;Portaria Inmetro nº 42 de 19/01/2018;;OCAN-AND.145/21-5;;;S;Formosa (Taiwan);Safety 1st;HE001. Andador Spacewalker. Cores: Grey e Orange.;PP, Ferro, ABS. 58x65.5x71.5cm.Trav.Manual.Sist.Mont.Fren.Manual. Bandeja de Brinquedos.;7908238803932|7908283803949;Incluido;19/04/2021
001848/2021;Ativo;;12/04/2021;;;TUTTI BABY INDUSTRIA E COMERCIO DE ARTIGOS INFANT;06981862000129;4733794000;Rod. Guilherme Jensen;0;Galpão 01;89108000;Distrito Industrial;Massaranduba;SC;qualidade@tuttibaby.com.br;TUTTI BABY INDUSTRIA E COMERCIO DE ARTIGOS INFANT;Andadores Infantis;Portaria Inmetro nº 129 de 19/03/2021;;CE-AND/IQB 000005 54149/20-001;Modelo 5;;N;Brasil;Tutti Baby;Andador 40.001;ESTRUT.MET. DE AÇO TUB.PLÁST. DE ENG.ALGODÃO.48CM X60,5CMX70CM,COM DUAS AÇÕESCONSEC PARA LIB.REB.E PARAF.BRINQ. E ADES.BASE SUP.BASE INF.FREIO ANTI-QUEDA E CONJ.DE RODAS,PNEU DA RODA TRAS. E TRAVA ANT;7898431501219|7898431501226|7898431501233;Incluido;12/04/2021
000194/2021;Inativo;;14/01/2021;;;GALZERANO INDUSTRIA DE CARRINHOS E BERCOS LTDA;43594977000197;1934043030;Via Prefeito Jurandyr Paixão;700;;13481149;Jd. Campo Belo;Limeira;SP;luisfernando.camargo@galzerano.com.br;WEIMEI MEI CHILDCARE PRODUCT (HUIZHOU) LTD., CO;Andadores Infantis;Portaria Inmetro nº 42 de 19/01/2018;;CE-AND/IQB 000006 54025/20-001;;;S;China, República Popular;GALZERANO;Ref.: 4030-Andador 4 em 1 Funny. Versões: 4030CR (Color), 4030VDA (Verde Água);Mat Tec polié Espuma Resina plást Itens fixação Dimens 75x71x55(cm) Sist travament dobradiça plást c/ botão acionament Sist montagem/ferragem encaixe manual Acessórios manuais brinquedos removíveis;7898089221477|7898089221996;Incluido;14/01/2021
000193/2021;Inativo;;14/01/2021;;;GALZERANO INDUSTRIA DE CARRINHOS E BERCOS LTDA;43594977000197;1934043030;Via Prefeito Jurandyr Paixão;700;;13481149;Jd. Campo Belo;Limeira;SP;luisfernando.camargo@galzerano.com.br;HUNGSENG HARDWARE PLASTIC (DG) CORP., LTD;Andadores Infantis;Portaria Inmetro nº 42 de 19/01/2018;;CE-AND/IQB 000006 54018/20-001;;;S;China, República Popular;GALZERANO;Ref.: 4015-Andador 3 em 1 Fênix. Versões: 4015CR (Color);Mat Tec polié Espum Resin plást Itens fixação Dimens 103x103x72(cm) Sist travamento suporte plástico c/ encaixe Sist montagem/ferragem encaixes manuais Acessório: Bandeja de brinquedos não removíveis;7908200101936;Incluido;14/01/2021
005158/2020;Cancelado;;24/08/2020;;14/07/2025;Dardara Comercio Importacao e Exportacao Ltda.;07774907000157;1147447248;R VALENTIM MAGALHAES;95;***;03184090;ALTO DA MOOCA;SÃO PAULO;SP;dardara@yescert.com.br;FOSHAN BAOLIMEI CHILD?S VEHICLE CO.LTD;Andadores Infantis;Portaria Inmetro nº 42 de 19/01/2018;;OCAN-AND.134/20-5;;;S;China, República Popular;DARDARA;ANDADOR CARRO (FD-2407);Material: Moldes e peças em plástico P.P.(polipropileno) Adesivos (papel colante) Painel - parte interna: sistema eletrônico (placa, fio colorido, alto falante). Estrutura em metal, Dimensões: 74 x 63;;Incluido;24/08/2020
002137/2020;Inativo;;02/04/2020;;;Galzerano Indústria de Carrinhos e Berços Ltda;43594977000197;1934043030;Via Prefeito Jurandyr Paixão;700;;13481149;Jd. Campo Belo;Limeira;SP;luisfernando.camargo@galzerano.com.br;FOSHAN SHUNDE QIJUN TOYS CO., LTD;Andadores Infantis;Portaria Inmetro nº 42 de 19/01/2018;;CE-AND/IQB 000006 53487/19-001;;;S;China, República Popular;GALZERANO;Ref.: 4090 - Liam. Versões: 4090CZ (Cinza), 4090PT (Preto);Mat: Tec poli Espum Resin plást Tinta Ferragens. Dim: 70x65x54(cm). Sist Trav: Trilho plást c/ botão destrav e reg de altura. Sist mont/ferragem: Manual. Acess: Bandej brinq não removív e retrovisores;7908200101431|7908200101448;Incluido;02/04/2020
001137/2020;Cancelado;;28/02/2020;;14/07/2025;COMÉRCIO E IMPORTAÇÃO DENISE LTDA;29963642000178;2125843843;RUA DO MILHO;72;A;21011090;PENHA CIRCULAR;RIO DE JANEIRO;RJ;comerciomybaby@hotmail.com;PING HU BEST CHILDREN'S CARRIER CO.LTD;Andadores Infantis;Portaria Inmetro nº 42 de 19/01/2018;;OCAN-AND.329/20-1;;;S;China, República Popular;MY BABY;A-1;VERSÕES: ROSA, AZUL, AZUL COM VERDE, AZUL COM VERMELHO, ROSA COM LILÁS, ROSA COM ROSA ESCURO;;Incluido;28/02/2020
009762/2019;Ativo;;20/12/2019;;;TAPUZIM COMERCIAL LTDA;00513418000100;1138569063;Av. Monte Celeste;230;250;02561000;Vila S. Maria;São Paulo;SP;ehs0770@hotmail.com;SHEN ZHEN WEI MEI CHILDCARE PRODUCT LIMITED COMPANY;Andadores Infantis;Portaria Inmetro nº 42 de 19/01/2018;;OCAN-AND.165/19-2;;;S;China, República Popular;baby style;SPACECAR - VERSÕES: Andador car - Ref. 21302 / Andador space - Ref. 33117;Material: Plástico, metal e tecido. Dimensões: 59 x 59 x 69 cm , Sistema de Travamento: Stoper, Sistema de Montagem e Ferragem: Tesoura, Acessórios: Bandeja musical;4532213022990|4532331172997;Incluido;20/12/2019
009478/2019;Ativo;;09/12/2019;;;TAPUZIM COMERCIAL LTDA;00513418000100;1138569063;Av. Monte Celeste;230;250;02561000;Vila S. Maria;São Paulo;SP;ehs0770@hotmail.com;SHEN ZHEN WEI MEI CHILDCARE PRODUCT LIMITED COMPANY;Andadores Infantis;Portaria Inmetro nº 42 de 19/01/2018;;OCAN-AND.165/19-3;;;S;China, República Popular;baby style;CENTRO DE ATIVIDADES;VERSÕES: Andador play - Ref.5821 Andador meninos - Ref. 515211 Andador meninas - Ref. 51522. Material: Plástico, metal e tecido. Dimensões: 74 x 75 x 18 cm Sistema de Travamento: Stoper Sistema de Mon;4079515211993|4079515222999|4532582122994;Incluido;09/12/2019
009477/2019;Ativo;;09/12/2019;;;TAPUZIM COMERCIAL LTDA;00513418000100;1138569063;Av. Monte Celeste;230;250;02561000;Vila S. Maria;São Paulo;SP;ehs0770@hotmail.com;SHEN ZHEN WEI MEI CHILDCARE PRODUCT LIMITED COMPANY;Andadores Infantis;Portaria Inmetro nº 129 de 19/03/2021;;IN2062423;Modelo 5;;S;China, República Popular;baby style;ANDADOR ANIMAIS;ANIMAISVERSÕES: Andador cachorro vermelho - Ref. 33721 Andador cachorro azul - Ref. 33722 Andador abelha rosa - Ref. 33723 Andador abelha azul - Ref. 33724 . Material: Plástico, metal e tecido. Dimen;4079337218996|4079337228995|4079337238994|4079337248993;Excluido;21/12/2020
007881/2019;Inativo;;07/10/2019;;;Galzerano Indústria de Carrinhos e Berços Ltda;43594977000197;1934043030;Via Prefeito Jurandyr Paixão;700;;13481149;Jd. Campo Belo;Limeira;SP;luisfernando.camargo@galzerano.com.br;GUANGDONG ZHIHUI CHILDREN?S PRODUCTS CO.,LTD;Andadores Infantis;Portaria Inmetro nº 42 de 19/01/2018;;CE-AND/IQB 000006 53503/20-001;;;S;China, República Popular;GALZERANO;Andador de bebê Magic - Versão: Cinza (CZ), Preto (PT);Mat Tec poli Espum Resin plást Tint Ferrag 70Cx65Lx54A cm Travam trilho plást com botão de destrav e regul alt Mont/frenag manual Andador com pçs girat e cores diversas Acess Bandej Brinq não removív.;7898089221590|7898089222283;Incluido;07/10/2019
007593/2019;Ativo;;30/09/2019;;;BURIGOTTO SA INDUSTRIA E COMERCIO;51460277000138;1934042000;Rua Martino Dragone;280;;13480308;Jardim Santa Barbara;Limeira;SP;carlos.riva@burigotto.com;JIN SUN GEE PLASTICS. CO., LTD.;Andadores Infantis;Portaria Inmetro nº 42 de 19/01/2018;;CE-AND/IQB 000004 53005/19-001;;;S;Formosa (Taiwan);Burigotto;Andador Baby Coupe (ref. com. IXAN3034PK10-Rosa, IXAN3034AZ19-Azul, IXAN3034CL-CL);Andador Infantil, Mat.: Polipropileno, Nylon, Aço, Tecido e Espuma, Dim: 760X650X640mm, Sist. Trav. Automático, Sistema Montagem/Ferragem Rebites, parafusos e Encaixe de peças plásticas, Acessorio: Ba;7896502916146|7896502916160|7896502935550;Incluido;30/09/2019
007592/2019;Inativo;;30/09/2019;;;Tutti Baby Indústria e Comércio de Artigos Infantis Ltda;06981862000129;4733794000;Rod. Guilherme Jensen;s/n;Galpão 01;89108000;Distrito Industrial;Massaranduba;SC;qualidade@tuttibaby.com.br;;Andadores Infantis;Portaria Inmetro nº 42 de 19/01/2018;;CE-AND/IQB 000005 53137/19-001;;;N; ;Tutti Baby;Andador 02003;Material: Estrut. metálica de aço tub, plást. de engenharia, algodão. Dim: 52cmx60cmx70,5cm, sist.de trav: com duas ações consecutivas para liber, sist. de mont.ferrag: rebites e parafusos, aces: brin;17898431495966|17898431495980|17898431496000|17898431496024|17898431500660|17898431500677|17898431500684|7898431495952|7898431495969|7898431495976|7898431495983|7898431495990|7898431496006|7898431496010|7898431496027|7898431500601|7898431500618|7898431500625|7898431500632|7898431500649|7898431500656;Incluido;30/09/2019
007467/2019;Inativo;;24/09/2019;;;Galzerano Indústria de Carrinhos e Berços Ltda;43594977000197;1934043030;Via Prefeito Jurandyr Paixão;700;;13481149;Jd. Campo Belo;Limeira;SP;luisfernando.camargo@galzerano.com.br;SHEN ZHEN WEI MEI CHILDCARE PRODUCT LIMITED COMPANY;Andadores Infantis;Portaria Inmetro nº 42 de 19/01/2018;;CE-AND/IQB 000006 53504/20-001;;;S;China, República Popular;GALZERANO;Andador de bebê 4 em 1 Funny - Versões: Color (CR), Verde Água (VDA);Mat Tec poli Espum Resin plást Itens fix Dimens 75Cx71Lx55A(cm) Sist trav Dobradiç plást c/ botã acion Sist mont frenag Encaix manua Mod Andador c/ módul sonor Pçs girat Cores divers Acess Brinq remov;7898089221477|7898089221996;Incluido;24/09/2019
006227/2019;Ativo;;14/08/2019;;;BAMBOO COMERCIO, IMPORTAÇÃO E EXPORTAÇÃO EIRELI-EPP;27115224000103;8132419265;Rua. Alegre;154;Galpão A;52120125;Arruda;Recife;PE;bamboo@yescert.com.br;ZHEJIANG KINTEX INTERNATIONAL TRADING CO., LTD;Andadores Infantis;Portaria Inmetro nº 129 de 19/03/2021;;IN1632922;;;S;China, República Popular;BAMBOO;MODELO:MD-18NOME COMERCIAL:ANDAJAR GUGUVERSÕES: Azul (Ref.: MD18.1)Rosa (Ref.: MD18.2)Verde (Ref.: MD18.3)Vermelho (Ref.: MD18.4);Mat: PLAST / MET/FIB TEXTIL,DIM:ABRT:62X56X52CM,FECH:62X56X16,SIST TRAV:LIBER EM 2 ACOES CONSEC,SIST MONT FERRAG: MANUAL(S/FERRAMENTA),ACESS:BANDEJ C/BRINQ E HAST C/PUXADOR;7909312341029;Incluido;22/07/2022
006226/2019;Inativo;;14/08/2019;;;Companhia Dorel Brasil Produtos Infantis;10659948000107;2135633602;Av. Nilo Peçanha;1516 /1582;Térreo;28030035;Pq dos Rodoviários;Campos dos Goytacaze;RJ;mariana.magalhaes@dorel.com.br;Hua Song Plastic Products Co Ltd;Andadores Infantis;Portaria Inmetro nº 42 de 19/01/2018;;OCAN-AND.145/19-3;;;S;China, República Popular;Safety 1st;11389;Nome Fantasia: Melody Garden. Cor única. Material: Ferro, plástico e PP. 64x55x66 cm. Sistema de Travamento e Montagem: Manual. Acessórios: Bandeja.;9312541727119;Incluido;14/08/2019
006223/2019;Inativo;;14/08/2019;;;Companhia Dorel Brasil Produtos Infantis;10659948000107;2135633602;Av. Nilo Peçanha;1516 /1582;Térreo;28030035;Pq dos Rodoviários;Campos dos Goytacaze;RJ;mariana.magalhaes@dorel.com.br;JIN SUN GEE PLASTIC CO.,LTD;Andadores Infantis;Portaria Inmetro nº 42 de 19/01/2018;;OCAN-AND.145/19-1;;;S;Formosa (Taiwan);Voyage;BG-1518;Nome Fantasia: Baby Step. Cores: Rosa e Azul. Material: Ferro, Plástico e Polipropileno. 60x49x68cm. Sistema Travamento e Montagem:Manual. Acessórios: Bandeja.;7908238801280|7908238801297;Incluido;14/08/2019
006222/2019;Inativo;;14/08/2019;;;Companhia Dorel Brasil Produtos Infantis;10659948000107;2135633602;Av. Nilo Peçanha;1516 /1582;Térreo;28030035;Pq dos Rodoviários;Campos dos Goytacaze;RJ;mariana.magalhaes@dorel.com.br;JIN SUN GEE PLASTIC CO.,LTD;Andadores Infantis;Portaria Inmetro nº 42 de 19/01/2018;;OCAN-AND.145/19-4;;;S;Formosa (Taiwan);Voyage;BG1401;Nome Fantasia: Buggy. Cores: Rosa e Azul. Material: Ferro, plástico, PP e PU. 42 x 58.5 x 65 cm. Sistema de Travamento e Montagem: Manual. Acessórios: Bandeja;7898509475206|7898509475213;Incluido;14/08/2019
006221/2019;Inativo;;14/08/2019;;;Companhia Dorel Brasil Produtos Infantis;10659948000107;2135633602;Av. Nilo Peçanha;1516 /1582;Térreo;28030035;Pq dos Rodoviários;Campos dos Goytacaze;RJ;mariana.magalhaes@dorel.com.br;JIN SUN GEE PLASTIC CO.,LTD;Andadores Infantis;Portaria Inmetro nº 42 de 19/01/2018;;OCAN-AND.145/19-2;;;S;Formosa (Taiwan);Cosco;BG-2023;Nome Fantasia: Goal Walker 4 em 1. Cores: Rosa e Azul. Material: Ferro, Plástico, PP e PU. 74 x 44x 66.5 cm. Sistema de Travamento e Montagem: Manual. Acessórios: Bandeja de Brinquedos.;7898509478375|7898509478665;Incluido;14/08/2019
