metodo;n;m;t_carga;t_ordenacao;t_verificacao;t_gravacao;comp_ordenacao;comp_ordenacao_destino;comp_busca;prof_ordenacao;prof_busca
seq-iter;50000;1;0.562950000;0.000000000;0.000663000;0.000000000;0;0;50000;0;0
seq-iter;50000;1;0.563565000;0.000000000;0.001001000;0.000000000;0;0;50000;0;0
seq-iter;50000;1;0.564030000;0.000000000;0.000725000;0.000000000;0;0;50000;0;0
seq-iter;50000;1;0.562733000;0.000000000;0.000723000;0.000000000;0;0;50000;0;0
seq-iter;50000;1;0.562307000;0.000000000;0.000889000;0.000000000;0;0;50000;0;0
seq-rec;50000;1;0.563749000;0.000000000;0.001322000;0.000000000;0;0;50000;0;50001
seq-rec;50000;1;0.563762000;0.000000000;0.001614000;0.000000000;0;0;50000;0;50001
seq-rec;50000;1;0.561398000;0.000000000;0.001364000;0.000000000;0;0;50000;0;50001
seq-rec;50000;1;0.558385000;0.000000000;0.001321000;0.000000000;0;0;50000;0;50001
seq-rec;50000;1;0.578984000;0.000000000;0.002428000;0.000000000;0;0;50000;0;50001
bin-iter-iter;50000;1;0.566664000;0.015419000;0.015423000;0.000000000;736478;736478;16;0;0
bin-iter-iter;50000;1;0.559148000;0.013762000;0.013768000;0.000000000;736478;736478;16;0;0
bin-iter-iter;50000;1;0.563019000;0.014109000;0.014113000;0.000000000;736478;736478;16;0;0
bin-iter-iter;50000;1;0.566746000;0.014164000;0.014170000;0.000000000;736478;736478;16;0;0
bin-iter-iter;50000;1;0.567545000;0.013656000;0.013662000;0.000000000;736478;736478;16;0;0
bin-iter-rec;50000;1;0.567364000;0.013795000;0.013799000;0.000000000;736478;736478;16;0;17
bin-iter-rec;50000;1;0.564568000;0.013699000;0.013703000;0.000000000;736478;736478;16;0;17
bin-iter-rec;50000;1;0.564827000;0.013744000;0.013749000;0.000000000;736478;736478;16;0;17
bin-iter-rec;50000;1;0.566320000;0.013817000;0.013820000;0.000000000;736478;736478;16;0;17
bin-iter-rec;50000;1;0.565850000;0.013940000;0.013943000;0.000000000;736478;736478;16;0;17
bin-rec-iter;50000;1;0.567448000;0.012527000;0.012531000;0.000000000;724824;724824;16;17;0
bin-rec-iter;50000;1;0.569259000;0.012197000;0.012201000;0.000000000;724824;724824;16;17;0
bin-rec-iter;50000;1;0.563803000;0.012002000;0.012007000;0.000000000;724824;724824;16;17;0
bin-rec-iter;50000;1;0.565050000;0.012026000;0.012031000;0.000000000;724824;724824;16;17;0
bin-rec-iter;50000;1;0.568065000;0.012052000;0.012056000;0.000000000;724824;724824;16;17;0
bin-rec-rec;50000;1;0.563252000;0.011964000;0.011967000;0.000000000;724824;724824;16;17;17
bin-rec-rec;50000;1;0.564550000;0.011997000;0.012001000;0.000000000;724824;724824;16;17;17
bin-rec-rec;50000;1;0.564393000;0.012244000;0.012247000;0.000000000;724824;724824;16;17;17
bin-rec-rec;50000;1;0.564560000;0.012277000;0.012280000;0.000000000;724824;724824;16;17;17
bin-rec-rec;50000;1;0.566289000;0.012064000;0.012080000;0.000000000;724824;724824;16;17;17
seq-iter;50000;2;0.566850000;0.000000000;0.001115000;0.000000000;0;0;100001;0;0
seq-iter;50000;2;0.564227000;0.000000000;0.001323000;0.000000000;0;0;100001;0;0
seq-iter;50000;2;0.564523000;0.000000000;0.001137000;0.000000000;0;0;100001;0;0
seq-iter;50000;2;0.564195000;0.000000000;0.001084000;0.000000000;0;0;100001;0;0
seq-iter;50000;2;0.562715000;0.000000000;0.001082000;0.000000000;0;0;100001;0;0
seq-rec;50000;2;0.563647000;0.000000000;0.002068000;0.000000000;0;0;100001;0;50002
seq-rec;50000;2;0.562597000;0.000000000;0.002109000;0.000000000;0;0;100001;0;50002
seq-rec;50000;2;0.564729000;0.000000000;0.002076000;0.000000000;0;0;100001;0;50002
seq-rec;50000;2;0.563949000;0.000000000;0.002093000;0.000000000;0;0;100001;0;50002
seq-rec;50000;2;0.563223000;0.000000000;0.002111000;0.000000000;0;0;100001;0;50002
bin-iter-iter;50000;2;0.564692000;0.014596000;0.014600000;0.000000000;736479;736478;33;0;0
bin-iter-iter;50000;2;0.567990000;0.013622000;0.013627000;0.000000000;736479;736478;33;0;0
bin-iter-iter;50000;2;0.565474000;0.013614000;0.013617000;0.000000000;736479;736478;33;0;0
bin-iter-iter;50000;2;0.566816000;0.014119000;0.014122000;0.000000000;736479;736478;33;0;0
bin-iter-iter;50000;2;0.564644000;0.013463000;0.013467000;0.000000000;736479;736478;33;0;0
bin-iter-rec;50000;2;0.568331000;0.013841000;0.013845000;0.000000000;736479;736478;33;0;17
bin-iter-rec;50000;2;0.566141000;0.013800000;0.013803000;0.000000000;736479;736478;33;0;17
bin-iter-rec;50000;2;0.562654000;0.013881000;0.013885000;0.000000000;736479;736478;33;0;17
bin-iter-rec;50000;2;0.565971000;0.013814000;0.013817000;0.000000000;736479;736478;33;0;17
bin-iter-rec;50000;2;0.568803000;0.013508000;0.013511000;0.000000000;736479;736478;33;0;17
bin-rec-iter;50000;2;0.564111000;0.012144000;0.012149000;0.000000000;724825;724824;33;17;0
bin-rec-iter;50000;2;0.568258000;0.012135000;0.012139000;0.000000000;724825;724824;33;17;0
bin-rec-iter;50000;2;0.565456000;0.012096000;0.012099000;0.000000000;724825;724824;33;17;0
bin-rec-iter;50000;2;0.566603000;0.012183000;0.012186000;0.000000000;724825;724824;33;17;0
bin-rec-iter;50000;2;0.564368000;0.011980000;0.011982000;0.000000000;724825;724824;33;17;0
bin-rec-rec;50000;2;0.564000000;0.012507000;0.012510000;0.000000000;724825;724824;33;17;17
bin-rec-rec;50000;2;0.563797000;0.012057000;0.012061000;0.000000000;724825;724824;33;17;17
bin-rec-rec;50000;2;0.565060000;0.012067000;0.012070000;0.000000000;724825;724824;33;17;17
bin-rec-rec;50000;2;0.563877000;0.012022000;0.012026000;0.000000000;724825;724824;33;17;17
bin-rec-rec;50000;2;0.564774000;0.012030000;0.012033000;0.000000000;724825;724824;33;17;17
seq-iter;50000;5;0.564131000;0.000000000;0.001541000;0.000000000;0;0;180984;0;0
seq-iter;50000;5;0.566203000;0.000000000;0.001793000;0.000000000;0;0;180984;0;0
seq-iter;50000;5;0.562554000;0.000000000;0.001849000;0.000000000;0;0;180984;0;0
seq-iter;50000;5;0.563737000;0.000000000;0.001475000;0.000000000;0;0;180984;0;0
seq-iter;50000;5;0.564417000;0.000000000;0.001507000;0.000000000;0;0;180984;0;0
seq-rec;50000;5;0.564242000;0.000000000;0.003695000;0.000000000;0;0;180984;0;50003
seq-rec;50000;5;0.564432000;0.000000000;0.003017000;0.000000000;0;0;180984;0;50003
seq-rec;50000;5;0.567440000;0.000000000;0.003100000;0.000000000;0;0;180984;0;50003
seq-rec;50000;5;0.564474000;0.000000000;0.003010000;0.000000000;0;0;180984;0;50003
seq-rec;50000;5;0.564133000;0.000000000;0.003076000;0.000001000;0;0;180984;0;50003
bin-iter-iter;50000;5;0.563683000;0.013694000;0.013698000;0.000000000;736487;736478;80;0;0
bin-iter-iter;50000;5;0.563734000;0.013646000;0.013651000;0.000000000;736487;736478;80;0;0
bin-iter-iter;50000;5;0.563565000;0.013820000;0.013824000;0.000000000;736487;736478;80;0;0
bin-iter-iter;50000;5;0.568498000;0.014059000;0.014064000;0.000001000;736487;736478;80;0;0
bin-iter-iter;50000;5;0.566657000;0.013773000;0.013777000;0.000000000;736487;736478;80;0;0
bin-iter-rec;50000;5;0.565012000;0.013993000;0.013997000;0.000000000;736487;736478;80;0;17
bin-iter-rec;50000;5;0.564209000;0.013856000;0.013861000;0.000000000;736487;736478;80;0;17
bin-iter-rec;50000;5;0.563453000;0.013712000;0.013717000;0.000000000;736487;736478;80;0;17
bin-iter-rec;50000;5;0.565461000;0.013843000;0.013848000;0.000000000;736487;736478;80;0;17
bin-iter-rec;50000;5;0.564440000;0.013904000;0.013909000;0.000000000;736487;736478;80;0;17
bin-rec-iter;50000;5;0.564375000;0.012101000;0.012106000;0.000000000;724831;724824;80;17;0
bin-rec-iter;50000;5;0.563034000;0.011987000;0.011991000;0.000000000;724831;724824;80;17;0
bin-rec-iter;50000;5;0.563427000;0.012365000;0.012369000;0.000000000;724831;724824;80;17;0
bin-rec-iter;50000;5;0.567533000;0.012069000;0.012073000;0.000000000;724831;724824;80;17;0
bin-rec-iter;50000;5;0.570465000;0.012055000;0.012059000;0.000000000;724831;724824;80;17;0
bin-rec-rec;50000;5;0.563357000;0.012009000;0.012015000;0.000000000;724831;724824;80;17;17
bin-rec-rec;50000;5;0.563518000;0.011932000;0.011936000;0.000000000;724831;724824;80;17;17
bin-rec-rec;50000;5;0.564453000;0.011976000;0.011981000;0.000000000;724831;724824;80;17;17
bin-rec-rec;50000;5;0.563268000;0.011925000;0.011930000;0.000000000;724831;724824;80;17;17
bin-rec-rec;50000;5;0.567055000;0.011984000;0.011989000;0.000000000;724831;724824;80;17;17
seq-iter;50000;10;0.564818000;0.000000000;0.002040000;0.000000000;0;0;376033;0;0
seq-iter;50000;10;0.565244000;0.000000000;0.002824000;0.000000000;0;0;376033;0;0
seq-iter;50000;10;0.563948000;0.000000000;0.002286000;0.000000000;0;0;376033;0;0
seq-iter;50000;10;0.563436000;0.000000000;0.002156000;0.000000000;0;0;376033;0;0
seq-iter;50000;10;0.563320000;0.000000000;0.002076000;0.000000000;0;0;376033;0;0
seq-rec;50000;10;0.563138000;0.000000000;0.005092000;0.000000000;0;0;376033;0;50006
seq-rec;50000;10;0.563596000;0.000000000;0.004822000;0.000000000;0;0;376033;0;50006
seq-rec;50000;10;0.568586000;0.000000000;0.004862000;0.000008000;0;0;376033;0;50006
seq-rec;50000;10;0.565295000;0.000000000;0.004896000;0.000004000;0;0;376033;0;50006
seq-rec;50000;10;0.563868000;0.000000000;0.004915000;0.000000000;0;0;376033;0;50006
bin-iter-iter;50000;10;0.565472000;0.013830000;0.013836000;0.000000000;736504;736478;163;0;0
bin-iter-iter;50000;10;0.562918000;0.014032000;0.014038000;0.000000000;736504;736478;163;0;0
bin-iter-iter;50000;10;0.563953000;0.013762000;0.013767000;0.000000000;736504;736478;163;0;0
bin-iter-iter;50000;10;0.564436000;0.013948000;0.013953000;0.000000000;736504;736478;163;0;0
bin-iter-iter;50000;10;0.563985000;0.013586000;0.013591000;0.000000000;736504;736478;163;0;0
bin-iter-rec;50000;10;0.566156000;0.013573000;0.013580000;0.000000000;736504;736478;163;0;17
bin-iter-rec;50000;10;0.562699000;0.013614000;0.013619000;0.000000000;736504;736478;163;0;17
bin-iter-rec;50000;10;0.566922000;0.013455000;0.013461000;0.000000000;736504;736478;163;0;17
bin-iter-rec;50000;10;0.564549000;0.013526000;0.013531000;0.000000000;736504;736478;163;0;17
bin-iter-rec;50000;10;0.564367000;0.013750000;0.013755000;0.000000000;736504;736478;163;0;17
bin-rec-iter;50000;10;0.558575000;0.011734000;0.011739000;0.000000000;724847;724824;163;17;0
bin-rec-iter;50000;10;0.570064000;0.012101000;0.012106000;0.000000000;724847;724824;163;17;0
bin-rec-iter;50000;10;0.570503000;0.011916000;0.011921000;0.000000000;724847;724824;163;17;0
bin-rec-iter;50000;10;0.569033000;0.012025000;0.012030000;0.000000000;724847;724824;163;17;0
bin-rec-iter;50000;10;0.564116000;0.011958000;0.011963000;0.000000000;724847;724824;163;17;0
bin-rec-rec;50000;10;0.564400000;0.011914000;0.011920000;0.000000000;724847;724824;163;17;17
bin-rec-rec;50000;10;0.564980000;0.011906000;0.011912000;0.000000000;724847;724824;163;17;17
bin-rec-rec;50000;10;0.563557000;0.011896000;0.011902000;0.000000000;724847;724824;163;17;17
bin-rec-rec;50000;10;0.564245000;0.011966000;0.011972000;0.000000000;724847;724824;163;17;17
bin-rec-rec;50000;10;0.563619000;0.012024000;0.012029000;0.000000000;724847;724824;163;17;17
seq-iter;50000;20;0.564142000;0.000000000;0.003452000;0.000000000;0;0;679041;0;0
seq-iter;50000;20;0.566175000;0.000000000;0.003255000;0.000000000;0;0;679041;0;0
seq-iter;50000;20;0.564827000;0.000000000;0.002848000;0.000000000;0;0;679041;0;0
seq-iter;50000;20;0.565402000;0.000000000;0.002869000;0.000000000;0;0;679041;0;0
seq-iter;50000;20;0.571220000;0.000000000;0.002866000;0.000000000;0;0;679041;0;0
seq-rec;50000;20;0.563298000;0.000000000;0.007485000;0.000000000;0;0;679041;0;50009
seq-rec;50000;20;0.564383000;0.000000000;0.007742000;0.000000000;0;0;679041;0;50009
seq-rec;50000;20;0.583168000;0.000000000;0.008187000;0.000001000;0;0;679041;0;50009
seq-rec;50000;20;0.565413000;0.000000000;0.007528000;0.000005000;0;0;679041;0;50009
seq-rec;50000;20;0.564950000;0.000000000;0.007576000;0.000000000;0;0;679041;0;50009
bin-iter-iter;50000;20;0.562510000;0.013784000;0.013794000;0.000000000;736549;736478;323;0;0
bin-iter-iter;50000;20;0.567308000;0.013768000;0.013779000;0.000000000;736549;736478;323;0;0
bin-iter-iter;50000;20;0.564509000;0.013709000;0.013717000;0.000000000;736549;736478;323;0;0
bin-iter-iter;50000;20;0.564057000;0.013965000;0.013972000;0.000000000;736549;736478;323;0;0
bin-iter-iter;50000;20;0.564166000;0.013715000;0.013723000;0.000000000;736549;736478;323;0;0
bin-iter-rec;50000;20;0.564571000;0.013986000;0.013995000;0.000000000;736549;736478;323;0;17
bin-iter-rec;50000;20;0.564047000;0.013724000;0.013732000;0.000000000;736549;736478;323;0;17
bin-iter-rec;50000;20;0.564317000;0.013732000;0.013742000;0.000000000;736549;736478;323;0;17
bin-iter-rec;50000;20;0.565292000;0.013950000;0.013959000;0.000000000;736549;736478;323;0;17
bin-iter-rec;50000;20;0.565042000;0.013643000;0.013652000;0.000000000;736549;736478;323;0;17
bin-rec-iter;50000;20;0.562500000;0.012095000;0.012102000;0.000000000;724889;724824;323;17;0
bin-rec-iter;50000;20;0.564552000;0.011993000;0.012000000;0.000001000;724889;724824;323;17;0
bin-rec-iter;50000;20;0.564460000;0.012053000;0.012060000;0.000000000;724889;724824;323;17;0
bin-rec-iter;50000;20;0.565565000;0.012001000;0.012009000;0.000000000;724889;724824;323;17;0
bin-rec-iter;50000;20;0.564581000;0.012094000;0.012102000;0.000000000;724889;724824;323;17;0
bin-rec-rec;50000;20;0.564039000;0.012367000;0.012377000;0.000000000;724889;724824;323;17;17
bin-rec-rec;50000;20;0.563860000;0.012289000;0.012298000;0.000000000;724889;724824;323;17;17
bin-rec-rec;50000;20;0.565915000;0.012251000;0.012261000;0.000000000;724889;724824;323;17;17
bin-rec-rec;50000;20;0.564948000;0.012192000;0.012201000;0.000000000;724889;724824;323;17;17
bin-rec-rec;50000;20;0.564635000;0.012122000;0.012132000;0.000000000;724889;724824;323;17;17
seq-iter;50000;50;0.571712000;0.000000000;0.006248000;0.000001000;0;0;1768434;0;0
seq-iter;50000;50;0.566494000;0.000000000;0.005805000;0.000000000;0;0;1768434;0;0
seq-iter;50000;50;0.565878000;0.000000000;0.005553000;0.000000000;0;0;1768434;0;0
seq-iter;50000;50;0.564691000;0.000000000;0.005962000;0.000000000;0;0;1768434;0;0
seq-iter;50000;50;0.565820000;0.000000000;0.005481000;0.000000000;0;0;1768434;0;0
seq-rec;50000;50;0.564790000;0.000000000;0.016874000;0.000000000;0;0;1768434;0;50027
seq-rec;50000;50;0.565506000;0.000000000;0.016838000;0.000000000;0;0;1768434;0;50027
seq-rec;50000;50;0.566090000;0.000000000;0.016877000;0.000000000;0;0;1768434;0;50027
seq-rec;50000;50;0.563799000;0.000000000;0.016910000;0.000000000;0;0;1768434;0;50027
seq-rec;50000;50;0.564629000;0.000000000;0.016793000;0.000000000;0;0;1768434;0;50027
bin-iter-iter;50000;50;0.577960000;0.013923000;0.013939000;0.000001000;736704;736478;811;0;0
bin-iter-iter;50000;50;0.564599000;0.013972000;0.013990000;0.000000000;736704;736478;811;0;0
bin-iter-iter;50000;50;0.565169000;0.013981000;0.014002000;0.000000000;736704;736478;811;0;0
bin-iter-iter;50000;50;0.564848000;0.013751000;0.013767000;0.000000000;736704;736478;811;0;0
bin-iter-iter;50000;50;0.568177000;0.014016000;0.014033000;0.000001000;736704;736478;811;0;0
bin-iter-rec;50000;50;0.564933000;0.013832000;0.013850000;0.000000000;736704;736478;811;0;17
bin-iter-rec;50000;50;0.566488000;0.013861000;0.013880000;0.000000000;736704;736478;811;0;17
bin-iter-rec;50000;50;0.565301000;0.013753000;0.013773000;0.000001000;736704;736478;811;0;17
bin-iter-rec;50000;50;0.566379000;0.013737000;0.013757000;0.000000000;736704;736478;811;0;17
bin-iter-rec;50000;50;0.566050000;0.013813000;0.013832000;0.000000000;736704;736478;811;0;17
bin-rec-iter;50000;50;0.568521000;0.011987000;0.012004000;0.000000000;725047;724824;811;17;0
bin-rec-iter;50000;50;0.562408000;0.011919000;0.011937000;0.000000000;725047;724824;811;17;0
bin-rec-iter;50000;50;0.564282000;0.011980000;0.011997000;0.000000000;725047;724824;811;17;0
bin-rec-iter;50000;50;0.564698000;0.011930000;0.011947000;0.000000000;725047;724824;811;17;0
bin-rec-iter;50000;50;0.565720000;0.012092000;0.012108000;0.000000000;725047;724824;811;17;0
bin-rec-rec;50000;50;0.566955000;0.012014000;0.012034000;0.000000000;725047;724824;811;17;17
bin-rec-rec;50000;50;0.566751000;0.012027000;0.012048000;0.000000000;725047;724824;811;17;17
bin-rec-rec;50000;50;0.565023000;0.011986000;0.012005000;0.000000000;725047;724824;811;17;17
bin-rec-rec;50000;50;0.563997000;0.012048000;0.012067000;0.000000000;725047;724824;811;17;17
bin-rec-rec;50000;50;0.564433000;0.012204000;0.012224000;0.000000000;725047;724824;811;17;17
seq-iter;50000;100;0.568449000;0.000000000;0.010596000;0.000000000;0;0;3626806;0;0
seq-iter;50000;100;0.568062000;0.000000000;0.010578000;0.000000000;0;0;3626806;0;0
seq-iter;50000;100;0.566720000;0.000000000;0.010003000;0.000000000;0;0;3626806;0;0
seq-iter;50000;100;0.565646000;0.000000000;0.010013000;0.000001000;0;0;3626806;0;0
seq-iter;50000;100;0.564156000;0.000000000;0.009938000;0.000001000;0;0;3626806;0;0
seq-rec;50000;100;0.564783000;0.000000000;0.032471000;0.000000000;0;0;3626806;0;50048
seq-rec;50000;100;0.564549000;0.000000000;0.032785000;0.000000000;0;0;3626806;0;50048
seq-rec;50000;100;0.569482000;0.000000000;0.033091000;0.000000000;0;0;3626806;0;50048
seq-rec;50000;100;0.568740000;0.000000000;0.033263000;0.000000000;0;0;3626806;0;50048
seq-rec;50000;100;0.564858000;0.000000000;0.033016000;0.000000000;0;0;3626806;0;50048
bin-iter-iter;50000;100;0.565551000;0.013668000;0.013698000;0.000001000;737027;736478;1626;0;0
bin-iter-iter;50000;100;0.568408000;0.013714000;0.013745000;0.000001000;737027;736478;1626;0;0
bin-iter-iter;50000;100;0.568574000;0.013770000;0.013801000;0.000000000;737027;736478;1626;0;0
bin-iter-iter;50000;100;0.564856000;0.013824000;0.013855000;0.000001000;737027;736478;1626;0;0
bin-iter-iter;50000;100;0.566286000;0.014043000;0.014075000;0.000000000;737027;736478;1626;0;0
bin-iter-rec;50000;100;0.567551000;0.013762000;0.013794000;0.000000000;737027;736478;1626;0;17
bin-iter-rec;50000;100;0.566537000;0.014149000;0.014182000;0.000001000;737027;736478;1626;0;17
bin-iter-rec;50000;100;0.565027000;0.013841000;0.013874000;0.000001000;737027;736478;1626;0;17
bin-iter-rec;50000;100;0.565588000;0.014026000;0.014059000;0.000001000;737027;736478;1626;0;17
bin-iter-rec;50000;100;0.569489000;0.013876000;0.013908000;0.000000000;737027;736478;1626;0;17
bin-rec-iter;50000;100;0.569626000;0.012119000;0.012152000;0.000001000;725362;724824;1626;17;0
bin-rec-iter;50000;100;0.565577000;0.012668000;0.012700000;0.000000000;725362;724824;1626;17;0
bin-rec-iter;50000;100;0.569652000;0.012050000;0.012083000;0.000000000;725362;724824;1626;17;0
bin-rec-iter;50000;100;0.570417000;0.012164000;0.012200000;0.000001000;725362;724824;1626;17;0
bin-rec-iter;50000;100;0.565331000;0.015985000;0.016030000;0.000000000;725362;724824;1626;17;0
bin-rec-rec;50000;100;0.568711000;0.013224000;0.013260000;0.000000000;725362;724824;1626;17;17
bin-rec-rec;50000;100;0.581007000;0.012932000;0.012969000;0.000000000;725362;724824;1626;17;17
bin-rec-rec;50000;100;0.565136000;0.012220000;0.012255000;0.000001000;725362;724824;1626;17;17
bin-rec-rec;50000;100;0.589271000;0.012760000;0.012797000;0.000000000;725362;724824;1626;17;17
bin-rec-rec;50000;100;0.563685000;0.012964000;0.013008000;0.000000000;725362;724824;1626;17;17
seq-iter;50000;200;0.567176000;0.000000000;0.020553000;0.000001000;0;0;7345690;0;0
seq-iter;50000;200;0.584075000;0.000000000;0.020634000;0.000001000;0;0;7345690;0;0
seq-iter;50000;200;0.567834000;0.000000000;0.018859000;0.000001000;0;0;7345690;0;0
seq-iter;50000;200;0.650619000;0.000000000;0.021000000;0.000001000;0;0;7345690;0;0
seq-iter;50000;200;0.576421000;0.000000000;0.019424000;0.000001000;0;0;7345690;0;0
seq-rec;50000;200;0.565981000;0.000000000;0.065700000;0.000001000;0;0;7345690;0;50091
seq-rec;50000;200;0.583637000;0.000000000;0.066911000;0.000001000;0;0;7345690;0;50091
seq-rec;50000;200;0.567185000;0.000000000;0.064128000;0.000001000;0;0;7345690;0;50091
seq-rec;50000;200;0.567418000;0.000000000;0.064492000;0.000000000;0;0;7345690;0;50091
seq-rec;50000;200;0.569267000;0.000000000;0.065471000;0.000002000;0;0;7345690;0;50091
bin-iter-iter;50000;200;0.578542000;0.015667000;0.015728000;0.000001000;737795;736478;3243;0;0
bin-iter-iter;50000;200;0.568534000;0.014702000;0.014762000;0.000000000;737795;736478;3243;0;0
bin-iter-iter;50000;200;0.566192000;0.014414000;0.014471000;0.000001000;737795;736478;3243;0;0
bin-iter-iter;50000;200;0.565924000;0.013767000;0.013831000;0.000001000;737795;736478;3243;0;0
bin-iter-iter;50000;200;0.565183000;0.013937000;0.013995000;0.000001000;737795;736478;3243;0;0
bin-iter-rec;50000;200;0.575534000;0.015021000;0.015086000;0.000001000;737795;736478;3243;0;17
bin-iter-rec;50000;200;0.575052000;0.015567000;0.015631000;0.000000000;737795;736478;3243;0;17
bin-iter-rec;50000;200;0.599329000;0.039078000;0.039155000;0.000001000;737795;736478;3243;0;17
bin-iter-rec;50000;200;0.581953000;0.015179000;0.015241000;0.000000000;737795;736478;3243;0;17
bin-iter-rec;50000;200;0.571625000;0.015129000;0.015197000;0.000001000;737795;736478;3243;0;17
bin-rec-iter;50000;200;0.590587000;0.012640000;0.012705000;0.000000000;726099;724824;3243;17;0
bin-rec-iter;50000;200;0.568149000;0.012318000;0.012381000;0.000000000;726099;724824;3243;17;0
bin-rec-iter;50000;200;0.571215000;0.012607000;0.012668000;0.000001000;726099;724824;3243;17;0
bin-rec-iter;50000;200;0.565389000;0.012478000;0.012538000;0.000001000;726099;724824;3243;17;0
bin-rec-iter;50000;200;0.566123000;0.012104000;0.012164000;0.000000000;726099;724824;3243;17;0
bin-rec-rec;50000;200;0.570809000;0.012586000;0.012653000;0.000001000;726099;724824;3243;17;17
bin-rec-rec;50000;200;0.570261000;0.012520000;0.012585000;0.000001000;726099;724824;3243;17;17
bin-rec-rec;50000;200;0.563948000;0.012701000;0.012770000;0.000001000;726099;724824;3243;17;17
bin-rec-rec;50000;200;0.565734000;0.012344000;0.012415000;0.000000000;726099;724824;3243;17;17
bin-rec-rec;50000;200;0.566688000;0.012293000;0.012365000;0.000000000;726099;724824;3243;17;17
seq-iter;50000;500;0.574682000;0.000000000;0.044627000;0.000002000;0;0;18282456;0;0
seq-iter;50000;500;0.571949000;0.000000000;0.045213000;0.000002000;0;0;18282456;0;0
seq-iter;50000;500;0.569699000;0.000000000;0.046503000;0.000002000;0;0;18282456;0;0
seq-iter;50000;500;0.571350000;0.000000000;0.044572000;0.000002000;0;0;18282456;0;0
seq-iter;50000;500;0.570194000;0.000000000;0.044861000;0.000002000;0;0;18282456;0;0
seq-rec;50000;500;0.569567000;0.000000000;0.157310000;0.000002000;0;0;18282456;0;50222
seq-rec;50000;500;0.569581000;0.000000000;0.157755000;0.000002000;0;0;18282456;0;50222
seq-rec;50000;500;0.569549000;0.000000000;0.157028000;0.000005000;0;0;18282456;0;50222
seq-rec;50000;500;0.573003000;0.000000000;0.157239000;0.000002000;0;0;18282456;0;50222
seq-rec;50000;500;0.571011000;0.000000000;0.158100000;0.000007000;0;0;18282456;0;50222
bin-iter-iter;50000;500;0.573910000;0.014371000;0.014511000;0.000002000;740315;736478;8097;0;0
bin-iter-iter;50000;500;0.569608000;0.014223000;0.014366000;0.000001000;740315;736478;8097;0;0
bin-iter-iter;50000;500;0.569975000;0.014218000;0.014360000;0.000002000;740315;736478;8097;0;0
bin-iter-iter;50000;500;0.571309000;0.013793000;0.013933000;0.000002000;740315;736478;8097;0;0
bin-iter-iter;50000;500;0.564823000;0.014066000;0.014209000;0.000001000;740315;736478;8097;0;0
bin-iter-rec;50000;500;0.570232000;0.014132000;0.014283000;0.000002000;740315;736478;8097;0;17
bin-iter-rec;50000;500;0.571518000;0.014081000;0.014234000;0.000002000;740315;736478;8097;0;17
bin-iter-rec;50000;500;0.569236000;0.013787000;0.013938000;0.000002000;740315;736478;8097;0;17
bin-iter-rec;50000;500;0.570764000;0.013956000;0.014111000;0.000002000;740315;736478;8097;0;17
bin-iter-rec;50000;500;0.571487000;0.013801000;0.013953000;0.000002000;740315;736478;8097;0;17
bin-rec-iter;50000;500;0.572354000;0.012144000;0.012290000;0.000001000;728685;724824;8097;17;0
bin-rec-iter;50000;500;0.568884000;0.012497000;0.012641000;0.000002000;728685;724824;8097;17;0
bin-rec-iter;50000;500;0.569654000;0.012191000;0.012336000;0.000002000;728685;724824;8097;17;0
bin-rec-iter;50000;500;0.569487000;0.012142000;0.012287000;0.000002000;728685;724824;8097;17;0
bin-rec-iter;50000;500;0.572271000;0.012222000;0.012367000;0.000001000;728685;724824;8097;17;0
bin-rec-rec;50000;500;0.568476000;0.012092000;0.012240000;0.000002000;728685;724824;8097;17;17
bin-rec-rec;50000;500;0.574557000;0.012348000;0.012503000;0.000001000;728685;724824;8097;17;17
bin-rec-rec;50000;500;0.571191000;0.012176000;0.012331000;0.000002000;728685;724824;8097;17;17
bin-rec-rec;50000;500;0.569657000;0.012285000;0.012438000;0.000001000;728685;724824;8097;17;17
bin-rec-rec;50000;500;0.572011000;0.012185000;0.012339000;0.000001000;728685;724824;8097;17;17
seq-iter;50000;1000;0.582048000;0.000000000;0.088158000;0.000003000;0;0;36327664;0;0
seq-iter;50000;1000;0.576174000;0.000000000;0.087877000;0.000003000;0;0;36327664;0;0
seq-iter;50000;1000;0.575238000;0.000000000;0.087254000;0.000003000;0;0;36327664;0;0
seq-iter;50000;1000;0.577224000;0.000000000;0.087144000;0.000003000;0;0;36327664;0;0
seq-iter;50000;1000;0.576382000;0.000000000;0.088018000;0.000003000;0;0;36327664;0;0
seq-rec;50000;1000;0.577614000;0.000000000;0.310548000;0.000003000;0;0;36327664;0;50449
seq-rec;50000;1000;0.575624000;0.000000000;0.309740000;0.000003000;0;0;36327664;0;50449
seq-rec;50000;1000;0.578426000;0.000000000;0.309929000;0.000003000;0;0;36327664;0;50449
seq-rec;50000;1000;0.575532000;0.000000000;0.309702000;0.000003000;0;0;36327664;0;50449
seq-rec;50000;1000;0.575743000;0.000000000;0.310646000;0.000003000;0;0;36327664;0;50449
bin-iter-iter;50000;1000;0.575775000;0.014019000;0.014292000;0.000003000;745198;736478;16166;0;0
bin-iter-iter;50000;1000;0.576154000;0.014202000;0.014477000;0.000003000;745198;736478;16166;0;0
bin-iter-iter;50000;1000;0.575763000;0.013879000;0.014151000;0.000002000;745198;736478;16166;0;0
bin-iter-iter;50000;1000;0.576280000;0.014126000;0.014407000;0.000003000;745198;736478;16166;0;0
bin-iter-iter;50000;1000;0.575203000;0.013950000;0.014226000;0.000003000;745198;736478;16166;0;0
bin-iter-rec;50000;1000;0.577010000;0.013998000;0.014300000;0.000003000;745198;736478;16166;0;17
bin-iter-rec;50000;1000;0.574909000;0.014009000;0.014307000;0.000003000;745198;736478;16166;0;17
bin-iter-rec;50000;1000;0.574862000;0.013948000;0.014248000;0.000003000;745198;736478;16166;0;17
bin-iter-rec;50000;1000;0.575036000;0.013991000;0.014303000;0.000004000;745198;736478;16166;0;17
bin-iter-rec;50000;1000;0.575153000;0.013912000;0.014216000;0.000002000;745198;736478;16166;0;17
bin-rec-iter;50000;1000;0.574761000;0.012329000;0.012607000;0.000003000;733546;724824;16166;17;0
bin-rec-iter;50000;1000;0.574714000;0.012387000;0.012663000;0.000003000;733546;724824;16166;17;0
bin-rec-iter;50000;1000;0.574933000;0.012285000;0.012566000;0.000003000;733546;724824;16166;17;0
bin-rec-iter;50000;1000;0.575312000;0.012258000;0.012536000;0.000003000;733546;724824;16166;17;0
bin-rec-iter;50000;1000;0.575087000;0.012705000;0.012983000;0.000003000;733546;724824;16166;17;0
bin-rec-rec;50000;1000;0.576188000;0.013235000;0.013538000;0.000003000;733546;724824;16166;17;17
bin-rec-rec;50000;1000;0.574723000;0.012281000;0.012582000;0.000003000;733546;724824;16166;17;17
bin-rec-rec;50000;1000;0.574790000;0.012307000;0.012617000;0.000002000;733546;724824;16166;17;17
bin-rec-rec;50000;1000;0.574727000;0.012287000;0.012588000;0.000004000;733546;724824;16166;17;17
bin-rec-rec;50000;1000;0.575057000;0.012170000;0.012471000;0.000003000;733546;724824;16166;17;17
seq-iter;50000;2000;0.591526000;0.000000000;0.177957000;0.000007000;0;0;74037312;0;0
seq-iter;50000;2000;0.587351000;0.000000000;0.177915000;0.000006000;0;0;74037312;0;0
seq-iter;50000;2000;0.586306000;0.000000000;0.178734000;0.000006000;0;0;74037312;0;0
seq-iter;50000;2000;0.584704000;0.000000000;0.176967000;0.000006000;0;0;74037312;0;0
seq-iter;50000;2000;0.589545000;0.000000000;0.177853000;0.000006000;0;0;74037312;0;0
seq-rec;50000;2000;0.595476000;0.000000000;0.638509000;0.000006000;0;0;74037312;0;50901
seq-rec;50000;2000;0.595376000;0.000000000;0.633021000;0.000007000;0;0;74037312;0;50901
seq-rec;50000;2000;0.586233000;0.000000000;0.631757000;0.000009000;0;0;74037312;0;50901
seq-rec;50000;2000;0.586148000;0.000000000;0.630319000;0.000006000;0;0;74037312;0;50901
seq-rec;50000;2000;0.585601000;0.000000000;0.632610000;0.000006000;0;0;74037312;0;50901
bin-iter-iter;50000;2000;0.590434000;0.014262000;0.014809000;0.000006000;755951;736478;32340;0;0
bin-iter-iter;50000;2000;0.587017000;0.014393000;0.014942000;0.000007000;755951;736478;32340;0;0
bin-iter-iter;50000;2000;0.588374000;0.014119000;0.014675000;0.000005000;755951;736478;32340;0;0
bin-iter-iter;50000;2000;0.588720000;0.014345000;0.014894000;0.000005000;755951;736478;32340;0;0
bin-iter-iter;50000;2000;0.587682000;0.014281000;0.014841000;0.000006000;755951;736478;32340;0;0
bin-iter-rec;50000;2000;0.589976000;0.014491000;0.015092000;0.000006000;755951;736478;32340;0;17
bin-iter-rec;50000;2000;0.587940000;0.014212000;0.014805000;0.000005000;755951;736478;32340;0;17
bin-iter-rec;50000;2000;0.589562000;0.014558000;0.015156000;0.000006000;755951;736478;32340;0;17
bin-iter-rec;50000;2000;0.588695000;0.014296000;0.014895000;0.000006000;755951;736478;32340;0;17
bin-iter-rec;50000;2000;0.587800000;0.014208000;0.014805000;0.000006000;755951;736478;32340;0;17
bin-rec-iter;50000;2000;0.586684000;0.012488000;0.013045000;0.000006000;744289;724824;32340;17;0
bin-rec-iter;50000;2000;0.586811000;0.012389000;0.012941000;0.000006000;744289;724824;32340;17;0
bin-rec-iter;50000;2000;0.587739000;0.012388000;0.012940000;0.000006000;744289;724824;32340;17;0
bin-rec-iter;50000;2000;0.588489000;0.012670000;0.013236000;0.000005000;744289;724824;32340;17;0
bin-rec-iter;50000;2000;0.588923000;0.012431000;0.012986000;0.000006000;744289;724824;32340;17;0
bin-rec-rec;50000;2000;0.588872000;0.012328000;0.012936000;0.000005000;744289;724824;32340;17;17
bin-rec-rec;50000;2000;0.588029000;0.012442000;0.013055000;0.000006000;744289;724824;32340;17;17
bin-rec-rec;50000;2000;0.588485000;0.012330000;0.012938000;0.000005000;744289;724824;32340;17;17
bin-rec-rec;50000;2000;0.588069000;0.012343000;0.012946000;0.000006000;744289;724824;32340;17;17
bin-rec-rec;50000;2000;0.588526000;0.012401000;0.013003000;0.000006000;744289;724824;32340;17;17
seq-iter;50000;5000;0.634991000;0.000000000;0.448122000;0.000016000;0;0;187139091;0;0
seq-iter;50000;5000;0.614411000;0.000000000;0.446396000;0.000017000;0;0;187139091;0;0
seq-iter;50000;5000;0.616797000;0.000000000;0.445593000;0.000016000;0;0;187139091;0;0
seq-iter;50000;5000;0.620254000;0.000000000;0.448420000;0.000015000;0;0;187139091;0;0
seq-iter;50000;5000;0.621345000;0.000000000;0.445029000;0.000015000;0;0;187139091;0;0
seq-rec;50000;5000;0.622713000;0.000000000;1.601814000;0.000020000;0;0;187139091;0;52246
seq-rec;50000;5000;0.622543000;0.000000000;1.594480000;0.000015000;0;0;187139091;0;52246
seq-rec;50000;5000;0.620333000;0.000000000;1.594079000;0.000020000;0;0;187139091;0;52246
seq-rec;50000;5000;0.621214000;0.000000000;1.597112000;0.000019000;0;0;187139091;0;52246
seq-rec;50000;5000;0.623495000;0.000000000;1.599160000;0.000015000;0;0;187139091;0;52246
bin-iter-iter;50000;5000;0.621045000;0.014496000;0.015868000;0.000015000;793388;736478;80929;0;0
bin-iter-iter;50000;5000;0.620636000;0.014391000;0.015760000;0.000015000;793388;736478;80929;0;0
bin-iter-iter;50000;5000;0.620573000;0.014600000;0.015966000;0.000016000;793388;736478;80929;0;0
bin-iter-iter;50000;5000;0.624270000;0.014623000;0.016048000;0.000015000;793388;736478;80929;0;0
bin-iter-iter;50000;5000;0.623566000;0.014595000;0.015964000;0.000015000;793388;736478;80929;0;0
bin-iter-rec;50000;5000;0.620863000;0.014496000;0.015983000;0.000015000;793388;736478;80929;0;17
bin-iter-rec;50000;5000;0.624698000;0.014707000;0.016205000;0.000015000;793388;736478;80929;0;17
bin-iter-rec;50000;5000;0.623814000;0.014434000;0.015911000;0.000015000;793388;736478;80929;0;17
bin-iter-rec;50000;5000;0.623603000;0.014598000;0.016084000;0.000016000;793388;736478;80929;0;17
bin-iter-rec;50000;5000;0.620136000;0.014770000;0.016276000;0.000015000;793388;736478;80929;0;17
bin-rec-iter;50000;5000;0.621084000;0.012706000;0.014108000;0.000015000;780262;724824;80929;17;0
bin-rec-iter;50000;5000;0.620202000;0.012574000;0.013977000;0.000016000;780262;724824;80929;17;0
bin-rec-iter;50000;5000;0.620512000;0.012700000;0.014082000;0.000015000;780262;724824;80929;17;0
bin-rec-iter;50000;5000;0.620796000;0.012669000;0.014059000;0.000016000;780262;724824;80929;17;0
bin-rec-iter;50000;5000;0.622769000;0.012674000;0.014065000;0.000015000;780262;724824;80929;17;0
bin-rec-rec;50000;5000;0.622426000;0.012859000;0.014362000;0.000015000;780262;724824;80929;17;17
bin-rec-rec;50000;5000;0.624668000;0.012619000;0.014121000;0.000016000;780262;724824;80929;17;17
bin-rec-rec;50000;5000;0.621127000;0.012680000;0.014185000;0.000016000;780262;724824;80929;17;17
bin-rec-rec;50000;5000;0.620533000;0.012599000;0.014099000;0.000015000;780262;724824;80929;17;17
bin-rec-rec;50000;5000;0.622119000;0.012681000;0.014179000;0.000016000;780262;724824;80929;17;17
